ISO-10303-21;
HEADER;
/* Generated by software containing ST-Developer
 * from STEP Tools, Inc. (www.steptools.com) 
 */

FILE_DESCRIPTION(
/* description */ (''),
/* implementation_level */ '2;1');

FILE_NAME(
/* name */ 'ROBOT.step',
/* time_stamp */ '2025-12-27T12:34:50+01:00',
/* author */ (''),
/* organization */ (''),
/* preprocessor_version */ 'ST-DEVELOPER v20.1',
/* originating_system */ 'Autodesk Translation Framework v14.21.0.0',
/* authorisation */ '');

FILE_SCHEMA (('AUTOMOTIVE_DESIGN { 1 0 10303 214 3 1 1 }'));
ENDSEC;

DATA;
#10=MECHANICAL_DESIGN_GEOMETRIC_PRESENTATION_REPRESENTATION('',(#13,#14),
#1644);
#11=SHAPE_REPRESENTATION_RELATIONSHIP('SRR','None',#1651,#12);
#12=ADVANCED_BREP_SHAPE_REPRESENTATION('',(#15,#16),#1643);
#13=STYLED_ITEM('',(#1660),#15);
#14=STYLED_ITEM('',(#1660),#16);
#15=MANIFOLD_SOLID_BREP('Corps1',#713);
#16=MANIFOLD_SOLID_BREP('Corps3',#714);
#17=B_SPLINE_CURVE_WITH_KNOTS('',3,(#1024,#1025,#1026,#1027,#1028,#1029,
#1030,#1031,#1032,#1033),.UNSPECIFIED.,.F.,.F.,(4,2,2,2,4),(3.3177259735882,
3.73244275568788,4.14715953778755,4.56187424908493,4.9765889603823),
 .UNSPECIFIED.);
#18=B_SPLINE_CURVE_WITH_KNOTS('',3,(#1035,#1036,#1037,#1038,#1039,#1040,
#1041,#1042,#1043,#1044,#1045,#1046,#1047,#1048,#1049,#1050,#1051,#1052,
#1053),.UNSPECIFIED.,.F.,.F.,(4,2,2,2,3,2,2,2,4),(4.9765889603823,5.39130367167967,
5.80601838297705,6.22073516507672,6.6354519471764,7.05016872927608,7.46488551137575,
7.87960022267313,8.20815158119207),.UNSPECIFIED.);
#19=B_SPLINE_CURVE_WITH_KNOTS('',3,(#1054,#1055,#1056,#1057,#1058,#1059,
#1060,#1061,#1062,#1063,#1064,#1065),.UNSPECIFIED.,.F.,.F.,(4,2,2,2,2,4),
(1.57269963401567,1.6588629867941,2.07357769809147,2.48829240938885,2.90300919148852,
3.3177259735882),.UNSPECIFIED.);
#20=B_SPLINE_CURVE_WITH_KNOTS('',3,(#1073,#1074,#1075,#1076,#1077,#1078,
#1079,#1080,#1081,#1082),.UNSPECIFIED.,.F.,.F.,(4,2,2,2,4),(3.3177259735882,
3.73244275568788,4.14715953778755,4.56187424908493,4.9765889603823),
 .UNSPECIFIED.);
#21=B_SPLINE_CURVE_WITH_KNOTS('',3,(#1084,#1085,#1086,#1087,#1088,#1089,
#1090,#1091,#1092,#1093),.UNSPECIFIED.,.F.,.F.,(4,2,2,2,4),(1.6588629867941,
2.07357769809147,2.48829240938885,2.90300919148852,3.3177259735882),
 .UNSPECIFIED.);
#22=B_SPLINE_CURVE_WITH_KNOTS('',3,(#1097,#1098,#1099,#1100,#1101,#1102,
#1103,#1104,#1105,#1106,#1107,#1108,#1109,#1110,#1111,#1112,#1113,#1114,
#1115),.UNSPECIFIED.,.F.,.F.,(4,2,2,2,3,2,2,2,4),(4.9765889603823,5.39130367167967,
5.80601838297705,6.22073516507672,6.6354519471764,7.05016872927608,7.46488551137575,
7.87960022267313,8.2943149339705),.UNSPECIFIED.);
#23=B_SPLINE_CURVE_WITH_KNOTS('',3,(#1118,#1119,#1120,#1121,#1122,#1123,
#1124,#1125,#1126,#1127),.UNSPECIFIED.,.F.,.F.,(4,2,2,2,4),(6.6354519471764,
7.05016872927608,7.46488551137575,7.87960022267313,8.2943149339705),
 .UNSPECIFIED.);
#24=B_SPLINE_CURVE_WITH_KNOTS('',3,(#1129,#1130,#1131,#1132,#1133,#1134,
#1135,#1136,#1137,#1138),.UNSPECIFIED.,.F.,.F.,(4,2,2,2,4),(4.9765889603823,
5.39130367167967,5.80601838297705,6.22073516507672,6.6354519471764),
 .UNSPECIFIED.);
#25=B_SPLINE_CURVE_WITH_KNOTS('',3,(#1139,#1140,#1141,#1142,#1143,#1144,
#1145,#1146,#1147,#1148,#1149,#1150,#1151,#1152,#1153,#1154,#1155,#1156),
 .UNSPECIFIED.,.F.,.F.,(4,2,2,2,2,2,2,2,4),(1.6588629867941,2.07357769809147,
2.48829240938885,2.90300919148852,3.3177259735882,3.73244275568788,4.14715953778755,
4.56187424908493,4.9765889603823),.UNSPECIFIED.);
#26=B_SPLINE_CURVE_WITH_KNOTS('',3,(#1159,#1160,#1161,#1162,#1163,#1164,
#1165,#1166,#1167,#1168),.UNSPECIFIED.,.F.,.F.,(4,2,2,2,4),(6.6354519471764,
7.05016872927608,7.46488551137575,7.87960022267313,8.21412778593475),
 .UNSPECIFIED.);
#27=B_SPLINE_CURVE_WITH_KNOTS('',3,(#1170,#1171,#1172,#1173,#1174,#1175,
#1176,#1177,#1178,#1179),.UNSPECIFIED.,.F.,.F.,(4,2,2,2,4),(4.9765889603823,
5.39130367167967,5.80601838297705,6.22073516507672,6.6354519471764),
 .UNSPECIFIED.);
#28=B_SPLINE_CURVE_WITH_KNOTS('',3,(#1180,#1181,#1182,#1183,#1184,#1185,
#1186,#1187,#1188,#1189,#1190,#1191,#1192,#1193,#1194,#1195,#1196,#1197,
#1198,#1199),.UNSPECIFIED.,.F.,.F.,(4,2,2,2,2,2,2,2,2,4),(1.57867583875835,
1.6588629867941,2.07357769809147,2.48829240938885,2.90300919148852,3.3177259735882,
3.73244275568788,4.14715953778755,4.56187424908493,4.9765889603823),
 .UNSPECIFIED.);
#29=B_SPLINE_CURVE_WITH_KNOTS('',3,(#1209,#1210,#1211,#1212,#1213,#1214,
#1215,#1216,#1217,#1218,#1219,#1220,#1221,#1222,#1223,#1224,#1225,#1226,
#1227,#1228,#1229,#1230,#1231,#1232,#1233,#1234,#1235,#1236,#1237,#1238,
#1239,#1240,#1241,#1242),.UNSPECIFIED.,.T.,.F.,(4,2,2,2,2,2,2,2,2,2,2,2,
2,2,2,2,4),(0.,0.169607703389281,0.339215406778563,0.508822732074202,0.678430057369842,
0.848037382665481,1.01764470796112,1.1872524113504,1.35686011473968,1.52646781812896,
1.69607552151825,1.86568284681389,2.03529017210953,2.20489749740516,2.3745048227008,
2.54411252609009,2.71372022947937),.UNSPECIFIED.);
#30=B_SPLINE_CURVE_WITH_KNOTS('',3,(#1246,#1247,#1248,#1249,#1250,#1251,
#1252,#1253,#1254,#1255),.UNSPECIFIED.,.F.,.F.,(4,2,2,2,4),(2.03529017210953,
2.20489749740516,2.3745048227008,2.54411252609009,2.71372022947937),
 .UNSPECIFIED.);
#31=B_SPLINE_CURVE_WITH_KNOTS('',3,(#1258,#1259,#1260,#1261,#1262,#1263,
#1264,#1265,#1266,#1267),.UNSPECIFIED.,.F.,.F.,(4,2,2,2,4),(0.,0.169607703389282,
0.339215406778563,0.508822732074202,0.678430057369842),.UNSPECIFIED.);
#32=B_SPLINE_CURVE_WITH_KNOTS('',3,(#1268,#1269,#1270,#1271,#1272,#1273,
#1274,#1275,#1276,#1277,#1278,#1279,#1280,#1281,#1282,#1283,#1284,#1285),
 .UNSPECIFIED.,.F.,.F.,(4,2,2,2,2,2,2,2,4),(0.678430057369842,0.848037382665481,
1.01764470796112,1.1872524113504,1.35686011473968,1.52646781812896,1.69607552151825,
1.86568284681389,2.03529017210953),.UNSPECIFIED.);
#33=B_SPLINE_CURVE_WITH_KNOTS('',3,(#1306,#1307,#1308,#1309,#1310,#1311,
#1312,#1313,#1314,#1315,#1316,#1317,#1318,#1319,#1320,#1321,#1322,#1323,
#1324,#1325,#1326,#1327,#1328,#1329,#1330,#1331),.UNSPECIFIED.,.F.,.F.,
(4,2,2,2,2,2,2,2,2,2,2,2,4),(0.,0.0476943856188499,0.0953887712376998,0.146235040475507,
0.197081309713314,0.2463269879361,0.295572666158887,0.343076896562654,0.390581126966422,
0.438085357370189,0.485589587773957,0.534835265996744,0.58408094421953),
 .UNSPECIFIED.);
#34=B_SPLINE_CURVE_WITH_KNOTS('',3,(#1332,#1333,#1334,#1335,#1336,#1337,
#1338,#1339,#1340,#1341),.UNSPECIFIED.,.F.,.F.,(4,2,2,2,4),(0.58408094421953,
0.634927213457337,0.685773482695144,0.733467868313994,0.781162253932844),
 .UNSPECIFIED.);
#35=B_SPLINE_CURVE_WITH_KNOTS('',3,(#1352,#1353,#1354,#1355,#1356,#1357,
#1358,#1359,#1360,#1361,#1362,#1363,#1364,#1365,#1366,#1367,#1368,#1369,
#1370,#1371,#1372,#1373,#1374,#1375,#1376,#1377,#1378,#1379,#1380,#1381,
#1382,#1383,#1384,#1385,#1386,#1387,#1388,#1389,#1390,#1391,#1392,#1393,
#1394,#1395,#1396,#1397,#1398,#1399,#1400,#1401,#1402,#1403,#1404),
 .UNSPECIFIED.,.F.,.F.,(4,2,2,2,2,2,2,2,2,2,2,2,2,2,2,2,2,2,2,2,2,3,2,2,
2,4),(-0.494400408854428,-0.489165583852859,-0.48351575862561,-0.468893677673359,
-0.43196789764082,-0.323286488199898,-0.217147411424297,-0.125705308233577,
-0.0667247983845791,-0.0406736191389423,-0.0276189548860195,-0.0178711590907956,
-0.00747480244996579,0.00884716916872796,0.0573344901748931,0.160195514749355,
0.273002772754463,0.360291720078301,0.41150744174058,0.429425379391051,
0.444577722201494,0.455064911568751,0.568814191156352,0.682563470743953,
0.796346646940728,0.910129823137503),.UNSPECIFIED.);
#36=B_SPLINE_CURVE_WITH_KNOTS('',3,(#1405,#1406,#1407,#1408,#1409,#1410,
#1411,#1412,#1413,#1414),.UNSPECIFIED.,.F.,.F.,(4,2,2,2,4),(0.910129823137503,
1.02391299933428,1.13769617553105,1.25144545511865,1.36519473470625),
 .UNSPECIFIED.);
#37=B_SPLINE_CURVE_WITH_KNOTS('',3,(#1439,#1440,#1441,#1442,#1443,#1444,
#1445,#1446,#1447,#1448,#1449,#1450,#1451,#1452,#1453,#1454,#1455,#1456,
#1457,#1458,#1459,#1460,#1461,#1462,#1463,#1464,#1465,#1466,#1467,#1468),
 .UNSPECIFIED.,.F.,.F.,(4,2,2,2,2,2,2,2,2,2,2,2,2,2,4),(0.126135131498296,
0.169785040520543,0.226379394966214,0.282973753438197,0.33956811191018,
0.396163455389083,0.452758798867985,0.509354142346887,0.56594948582579,
0.622543844297773,0.679138202769756,0.735732557215428,0.7923269116611,0.848922254698534,
0.905517597735968),.UNSPECIFIED.);
#38=B_SPLINE_CURVE_WITH_KNOTS('',3,(#1469,#1470,#1471,#1472,#1473,#1474,
#1475,#1476),.UNSPECIFIED.,.F.,.F.,(4,2,2,4),(0.,0.0565953430374359,0.113190686074872,
0.126135131498296),.UNSPECIFIED.);
#39=B_SPLINE_CURVE_WITH_KNOTS('',3,(#1478,#1479,#1480,#1481,#1482,#1483,
#1484,#1485,#1486,#1487,#1488,#1489,#1490,#1491,#1492,#1493,#1494,#1495,
#1496,#1497,#1498,#1499,#1500,#1501,#1502,#1503,#1504,#1505,#1506,#1507,
#1508,#1509,#1510,#1511),.UNSPECIFIED.,.T.,.F.,(4,2,2,2,2,2,2,2,2,2,2,2,
2,2,2,2,4),(0.,0.0565953432581702,0.11319068651634,0.169785042975156,0.226379399433972,
0.282973755892788,0.339568112351603,0.396163455609773,0.452758798867944,
0.509354142126114,0.565949485384284,0.6225438418431,0.679138198301916,0.735732554760731,
0.792326911219547,0.848922254477717,0.905517597735887),.UNSPECIFIED.);
#40=B_SPLINE_CURVE_WITH_KNOTS('',3,(#1534,#1535,#1536,#1537,#1538,#1539,
#1540,#1541,#1542,#1543),.UNSPECIFIED.,.F.,.F.,(4,2,2,2,4),(3.3489511810423,
3.76771569735684,4.18648021367138,4.60495349261741,5.02342677156345),
 .UNSPECIFIED.);
#41=B_SPLINE_CURVE_WITH_KNOTS('',3,(#1545,#1546,#1547,#1548,#1549,#1550,
#1551,#1552,#1553,#1554,#1555,#1556,#1557,#1558,#1559,#1560,#1561,#1562,
#1563),.UNSPECIFIED.,.F.,.F.,(4,2,2,2,3,2,2,2,4),(5.02342677156345,5.44190005050948,
5.86037332945552,6.27913784577006,6.6979023620846,7.11666687839914,7.53543139471368,
7.95390467365971,8.37237795260575),.UNSPECIFIED.);
#42=B_SPLINE_CURVE_WITH_KNOTS('',3,(#1564,#1565,#1566,#1567,#1568,#1569,
#1570,#1571,#1572,#1573),.UNSPECIFIED.,.F.,.F.,(4,2,2,2,4),(1.67447559052115,
2.09294886946719,2.51142214841322,2.93018666472776,3.3489511810423),
 .UNSPECIFIED.);
#43=B_SPLINE_CURVE_WITH_KNOTS('',3,(#1581,#1582,#1583,#1584,#1585,#1586,
#1587,#1588,#1589,#1590,#1591,#1592,#1593,#1594,#1595,#1596,#1597,#1598),
 .UNSPECIFIED.,.F.,.F.,(4,2,2,2,2,2,2,2,4),(1.67447559052115,2.09294886946719,
2.51142214841322,2.93018666472776,3.3489511810423,3.76771569735684,4.18648021367138,
4.60495349261741,5.02342677156345),.UNSPECIFIED.);
#44=B_SPLINE_CURVE_WITH_KNOTS('',3,(#1600,#1601,#1602,#1603,#1604,#1605,
#1606,#1607,#1608,#1609),.UNSPECIFIED.,.F.,.F.,(4,2,2,2,4),(5.02342677156345,
5.44190005050948,5.86037332945552,6.27913784577006,6.6979023620846),
 .UNSPECIFIED.);
#45=B_SPLINE_CURVE_WITH_KNOTS('',3,(#1613,#1614,#1615,#1616,#1617,#1618,
#1619,#1620,#1621,#1622),.UNSPECIFIED.,.F.,.F.,(4,2,2,2,4),(6.6979023620846,
7.11666687839913,7.53543139471367,7.95390467365971,8.37237795260574),
 .UNSPECIFIED.);
#46=FACE_BOUND('',#151,.T.);
#47=FACE_BOUND('',#153,.T.);
#48=FACE_BOUND('',#155,.T.);
#49=FACE_BOUND('',#157,.T.);
#50=FACE_BOUND('',#160,.T.);
#51=FACE_BOUND('',#161,.T.);
#52=FACE_BOUND('',#162,.T.);
#53=FACE_BOUND('',#169,.T.);
#54=FACE_BOUND('',#171,.T.);
#55=FACE_BOUND('',#173,.T.);
#56=FACE_BOUND('',#179,.T.);
#57=FACE_BOUND('',#180,.T.);
#58=FACE_BOUND('',#181,.T.);
#59=FACE_BOUND('',#184,.T.);
#60=FACE_BOUND('',#185,.T.);
#61=FACE_BOUND('',#186,.T.);
#62=FACE_BOUND('',#187,.T.);
#63=FACE_BOUND('',#195,.T.);
#64=FACE_BOUND('',#198,.T.);
#65=FACE_BOUND('',#202,.T.);
#66=FACE_BOUND('',#204,.T.);
#67=FACE_BOUND('',#206,.T.);
#68=FACE_BOUND('',#208,.T.);
#69=PLANE('',#736);
#70=PLANE('',#738);
#71=PLANE('',#740);
#72=PLANE('',#743);
#73=PLANE('',#758);
#74=PLANE('',#759);
#75=PLANE('',#760);
#76=PLANE('',#765);
#77=PLANE('',#768);
#78=PLANE('',#771);
#79=PLANE('',#788);
#80=PLANE('',#791);
#81=PLANE('',#795);
#82=PLANE('',#796);
#83=PLANE('',#797);
#84=PLANE('',#799);
#85=CYLINDRICAL_SURFACE('',#730,3.38975);
#86=CYLINDRICAL_SURFACE('',#734,3.38975);
#87=CYLINDRICAL_SURFACE('',#746,11.);
#88=CYLINDRICAL_SURFACE('',#747,100.);
#89=CYLINDRICAL_SURFACE('',#750,11.);
#90=CYLINDRICAL_SURFACE('',#751,11.);
#91=CYLINDRICAL_SURFACE('',#752,11.);
#92=CYLINDRICAL_SURFACE('',#753,4.5);
#93=CYLINDRICAL_SURFACE('',#754,4.5);
#94=CYLINDRICAL_SURFACE('',#755,50.);
#95=CYLINDRICAL_SURFACE('',#762,1.2645);
#96=CYLINDRICAL_SURFACE('',#766,3.);
#97=CYLINDRICAL_SURFACE('',#774,10.);
#98=CYLINDRICAL_SURFACE('',#777,1.5);
#99=CYLINDRICAL_SURFACE('',#778,1.5);
#100=CYLINDRICAL_SURFACE('',#779,4.5);
#101=CYLINDRICAL_SURFACE('',#784,2.5175);
#102=CYLINDRICAL_SURFACE('',#786,11.);
#103=CYLINDRICAL_SURFACE('',#789,11.);
#104=CYLINDRICAL_SURFACE('',#792,10.);
#105=CYLINDRICAL_SURFACE('',#801,30.);
#106=FACE_OUTER_BOUND('',#146,.T.);
#107=FACE_OUTER_BOUND('',#147,.T.);
#108=FACE_OUTER_BOUND('',#148,.T.);
#109=FACE_OUTER_BOUND('',#149,.T.);
#110=FACE_OUTER_BOUND('',#150,.T.);
#111=FACE_OUTER_BOUND('',#152,.T.);
#112=FACE_OUTER_BOUND('',#154,.T.);
#113=FACE_OUTER_BOUND('',#156,.T.);
#114=FACE_OUTER_BOUND('',#158,.T.);
#115=FACE_OUTER_BOUND('',#159,.T.);
#116=FACE_OUTER_BOUND('',#163,.T.);
#117=FACE_OUTER_BOUND('',#164,.T.);
#118=FACE_OUTER_BOUND('',#165,.T.);
#119=FACE_OUTER_BOUND('',#166,.T.);
#120=FACE_OUTER_BOUND('',#167,.T.);
#121=FACE_OUTER_BOUND('',#168,.T.);
#122=FACE_OUTER_BOUND('',#170,.T.);
#123=FACE_OUTER_BOUND('',#172,.T.);
#124=FACE_OUTER_BOUND('',#174,.T.);
#125=FACE_OUTER_BOUND('',#175,.T.);
#126=FACE_OUTER_BOUND('',#176,.T.);
#127=FACE_OUTER_BOUND('',#177,.T.);
#128=FACE_OUTER_BOUND('',#178,.T.);
#129=FACE_OUTER_BOUND('',#182,.T.);
#130=FACE_OUTER_BOUND('',#183,.T.);
#131=FACE_OUTER_BOUND('',#188,.T.);
#132=FACE_OUTER_BOUND('',#189,.T.);
#133=FACE_OUTER_BOUND('',#190,.T.);
#134=FACE_OUTER_BOUND('',#191,.T.);
#135=FACE_OUTER_BOUND('',#192,.T.);
#136=FACE_OUTER_BOUND('',#193,.T.);
#137=FACE_OUTER_BOUND('',#194,.T.);
#138=FACE_OUTER_BOUND('',#196,.T.);
#139=FACE_OUTER_BOUND('',#197,.T.);
#140=FACE_OUTER_BOUND('',#199,.T.);
#141=FACE_OUTER_BOUND('',#200,.T.);
#142=FACE_OUTER_BOUND('',#201,.T.);
#143=FACE_OUTER_BOUND('',#203,.T.);
#144=FACE_OUTER_BOUND('',#205,.T.);
#145=FACE_OUTER_BOUND('',#207,.T.);
#146=EDGE_LOOP('',(#476,#477,#478));
#147=EDGE_LOOP('',(#479,#480,#481,#482));
#148=EDGE_LOOP('',(#483,#484,#485));
#149=EDGE_LOOP('',(#486,#487,#488,#489));
#150=EDGE_LOOP('',(#490));
#151=EDGE_LOOP('',(#491));
#152=EDGE_LOOP('',(#492));
#153=EDGE_LOOP('',(#493));
#154=EDGE_LOOP('',(#494));
#155=EDGE_LOOP('',(#495));
#156=EDGE_LOOP('',(#496));
#157=EDGE_LOOP('',(#497));
#158=EDGE_LOOP('',(#498,#499,#500,#501,#502,#503));
#159=EDGE_LOOP('',(#504,#505,#506,#507,#508,#509,#510,#511,#512));
#160=EDGE_LOOP('',(#513,#514,#515));
#161=EDGE_LOOP('',(#516,#517,#518));
#162=EDGE_LOOP('',(#519,#520,#521));
#163=EDGE_LOOP('',(#522,#523,#524,#525,#526,#527));
#164=EDGE_LOOP('',(#528,#529,#530,#531,#532,#533));
#165=EDGE_LOOP('',(#534,#535,#536,#537,#538,#539));
#166=EDGE_LOOP('',(#540,#541,#542,#543));
#167=EDGE_LOOP('',(#544,#545,#546,#547,#548,#549));
#168=EDGE_LOOP('',(#550,#551,#552,#553,#554,#555,#556,#557,#558));
#169=EDGE_LOOP('',(#559));
#170=EDGE_LOOP('',(#560));
#171=EDGE_LOOP('',(#561));
#172=EDGE_LOOP('',(#562));
#173=EDGE_LOOP('',(#563));
#174=EDGE_LOOP('',(#564,#565));
#175=EDGE_LOOP('',(#566,#567,#568,#569,#570,#571,#572));
#176=EDGE_LOOP('',(#573,#574,#575));
#177=EDGE_LOOP('',(#576,#577,#578,#579,#580,#581,#582,#583,#584));
#178=EDGE_LOOP('',(#585,#586,#587,#588));
#179=EDGE_LOOP('',(#589));
#180=EDGE_LOOP('',(#590));
#181=EDGE_LOOP('',(#591));
#182=EDGE_LOOP('',(#592,#593,#594));
#183=EDGE_LOOP('',(#595,#596,#597,#598,#599,#600,#601,#602));
#184=EDGE_LOOP('',(#603,#604));
#185=EDGE_LOOP('',(#605,#606));
#186=EDGE_LOOP('',(#607,#608));
#187=EDGE_LOOP('',(#609));
#188=EDGE_LOOP('',(#610,#611,#612,#613));
#189=EDGE_LOOP('',(#614,#615,#616,#617,#618));
#190=EDGE_LOOP('',(#619,#620,#621,#622));
#191=EDGE_LOOP('',(#623,#624,#625));
#192=EDGE_LOOP('',(#626,#627,#628,#629));
#193=EDGE_LOOP('',(#630,#631,#632,#633,#634,#635));
#194=EDGE_LOOP('',(#636));
#195=EDGE_LOOP('',(#637));
#196=EDGE_LOOP('',(#638,#639,#640,#641,#642,#643));
#197=EDGE_LOOP('',(#644));
#198=EDGE_LOOP('',(#645));
#199=EDGE_LOOP('',(#646,#647,#648,#649));
#200=EDGE_LOOP('',(#650,#651));
#201=EDGE_LOOP('',(#652));
#202=EDGE_LOOP('',(#653));
#203=EDGE_LOOP('',(#654));
#204=EDGE_LOOP('',(#655));
#205=EDGE_LOOP('',(#656));
#206=EDGE_LOOP('',(#657));
#207=EDGE_LOOP('',(#658,#659,#660,#661,#662,#663,#664,#665,#666));
#208=EDGE_LOOP('',(#667,#668,#669));
#209=LINE('',#991,#243);
#210=LINE('',#995,#244);
#211=LINE('',#1000,#245);
#212=LINE('',#1004,#246);
#213=LINE('',#1066,#247);
#214=LINE('',#1071,#248);
#215=LINE('',#1095,#249);
#216=LINE('',#1201,#250);
#217=LINE('',#1203,#251);
#218=LINE('',#1205,#252);
#219=LINE('',#1208,#253);
#220=LINE('',#1256,#254);
#221=LINE('',#1289,#255);
#222=LINE('',#1291,#256);
#223=LINE('',#1298,#257);
#224=LINE('',#1304,#258);
#225=LINE('',#1344,#259);
#226=LINE('',#1348,#260);
#227=LINE('',#1350,#261);
#228=LINE('',#1418,#262);
#229=LINE('',#1420,#263);
#230=LINE('',#1422,#264);
#231=LINE('',#1423,#265);
#232=LINE('',#1435,#266);
#233=LINE('',#1513,#267);
#234=LINE('',#1515,#268);
#235=LINE('',#1520,#269);
#236=LINE('',#1526,#270);
#237=LINE('',#1530,#271);
#238=LINE('',#1575,#272);
#239=LINE('',#1611,#273);
#240=LINE('',#1628,#274);
#241=LINE('',#1639,#275);
#242=LINE('',#1640,#276);
#243=VECTOR('',#808,1.695);
#244=VECTOR('',#813,3.39);
#245=VECTOR('',#818,1.695);
#246=VECTOR('',#823,3.39);
#247=VECTOR('',#846,11.);
#248=VECTOR('',#851,100.);
#249=VECTOR('',#852,100.);
#250=VECTOR('',#857,11.);
#251=VECTOR('',#860,11.);
#252=VECTOR('',#863,11.);
#253=VECTOR('',#866,10.);
#254=VECTOR('',#869,10.);
#255=VECTOR('',#874,50.);
#256=VECTOR('',#875,50.);
#257=VECTOR('',#884,10.);
#258=VECTOR('',#891,1.2645);
#259=VECTOR('',#896,10.);
#260=VECTOR('',#901,3.);
#261=VECTOR('',#902,3.);
#262=VECTOR('',#905,10.);
#263=VECTOR('',#906,10.);
#264=VECTOR('',#907,10.);
#265=VECTOR('',#908,10.);
#266=VECTOR('',#923,10.);
#267=VECTOR('',#928,1.5);
#268=VECTOR('',#931,1.5);
#269=VECTOR('',#936,4.5);
#270=VECTOR('',#943,1.25875);
#271=VECTOR('',#948,2.5175);
#272=VECTOR('',#951,11.);
#273=VECTOR('',#958,11.);
#274=VECTOR('',#967,10.);
#275=VECTOR('',#984,30.);
#276=VECTOR('',#985,30.);
#277=CIRCLE('',#729,3.38975);
#278=CIRCLE('',#731,3.38975);
#279=CIRCLE('',#733,3.38975);
#280=CIRCLE('',#735,3.38975);
#281=CIRCLE('',#737,11.);
#282=CIRCLE('',#739,11.);
#283=CIRCLE('',#741,11.);
#284=CIRCLE('',#742,4.5);
#285=CIRCLE('',#744,11.);
#286=CIRCLE('',#745,4.5);
#287=CIRCLE('',#748,100.);
#288=CIRCLE('',#749,100.);
#289=CIRCLE('',#756,50.);
#290=CIRCLE('',#757,50.);
#291=CIRCLE('',#761,1.2645);
#292=CIRCLE('',#763,1.2645);
#293=CIRCLE('',#764,1.2645);
#294=CIRCLE('',#767,3.);
#295=CIRCLE('',#769,1.5);
#296=CIRCLE('',#770,1.5);
#297=CIRCLE('',#772,10.);
#298=CIRCLE('',#773,10.);
#299=CIRCLE('',#775,10.);
#300=CIRCLE('',#776,10.);
#301=CIRCLE('',#780,4.5);
#302=CIRCLE('',#781,4.5);
#303=CIRCLE('',#783,2.5175);
#304=CIRCLE('',#785,2.5175);
#305=CIRCLE('',#787,11.);
#306=CIRCLE('',#790,11.);
#307=CIRCLE('',#793,10.);
#308=CIRCLE('',#794,10.);
#309=CIRCLE('',#798,30.);
#310=CIRCLE('',#800,30.);
#311=VERTEX_POINT('',#988);
#312=VERTEX_POINT('',#990);
#313=VERTEX_POINT('',#993);
#314=VERTEX_POINT('',#997);
#315=VERTEX_POINT('',#999);
#316=VERTEX_POINT('',#1002);
#317=VERTEX_POINT('',#1006);
#318=VERTEX_POINT('',#1009);
#319=VERTEX_POINT('',#1012);
#320=VERTEX_POINT('',#1014);
#321=VERTEX_POINT('',#1017);
#322=VERTEX_POINT('',#1019);
#323=VERTEX_POINT('',#1022);
#324=VERTEX_POINT('',#1023);
#325=VERTEX_POINT('',#1034);
#326=VERTEX_POINT('',#1068);
#327=VERTEX_POINT('',#1070);
#328=VERTEX_POINT('',#1072);
#329=VERTEX_POINT('',#1083);
#330=VERTEX_POINT('',#1094);
#331=VERTEX_POINT('',#1116);
#332=VERTEX_POINT('',#1117);
#333=VERTEX_POINT('',#1128);
#334=VERTEX_POINT('',#1157);
#335=VERTEX_POINT('',#1158);
#336=VERTEX_POINT('',#1169);
#337=VERTEX_POINT('',#1207);
#338=VERTEX_POINT('',#1244);
#339=VERTEX_POINT('',#1245);
#340=VERTEX_POINT('',#1257);
#341=VERTEX_POINT('',#1287);
#342=VERTEX_POINT('',#1290);
#343=VERTEX_POINT('',#1296);
#344=VERTEX_POINT('',#1297);
#345=VERTEX_POINT('',#1301);
#346=VERTEX_POINT('',#1303);
#347=VERTEX_POINT('',#1305);
#348=VERTEX_POINT('',#1346);
#349=VERTEX_POINT('',#1349);
#350=VERTEX_POINT('',#1351);
#351=VERTEX_POINT('',#1416);
#352=VERTEX_POINT('',#1417);
#353=VERTEX_POINT('',#1419);
#354=VERTEX_POINT('',#1421);
#355=VERTEX_POINT('',#1424);
#356=VERTEX_POINT('',#1426);
#357=VERTEX_POINT('',#1429);
#358=VERTEX_POINT('',#1433);
#359=VERTEX_POINT('',#1437);
#360=VERTEX_POINT('',#1438);
#361=VERTEX_POINT('',#1477);
#362=VERTEX_POINT('',#1517);
#363=VERTEX_POINT('',#1519);
#364=VERTEX_POINT('',#1523);
#365=VERTEX_POINT('',#1525);
#366=VERTEX_POINT('',#1528);
#367=VERTEX_POINT('',#1532);
#368=VERTEX_POINT('',#1533);
#369=VERTEX_POINT('',#1544);
#370=VERTEX_POINT('',#1574);
#371=VERTEX_POINT('',#1579);
#372=VERTEX_POINT('',#1580);
#373=VERTEX_POINT('',#1599);
#374=VERTEX_POINT('',#1610);
#375=VERTEX_POINT('',#1625);
#376=VERTEX_POINT('',#1627);
#377=VERTEX_POINT('',#1633);
#378=VERTEX_POINT('',#1636);
#379=EDGE_CURVE('',#311,#311,#277,.T.);
#380=EDGE_CURVE('',#311,#312,#209,.T.);
#381=EDGE_CURVE('',#313,#313,#278,.T.);
#382=EDGE_CURVE('',#313,#311,#210,.T.);
#383=EDGE_CURVE('',#314,#314,#279,.T.);
#384=EDGE_CURVE('',#314,#315,#211,.T.);
#385=EDGE_CURVE('',#316,#316,#280,.F.);
#386=EDGE_CURVE('',#316,#314,#212,.T.);
#387=EDGE_CURVE('',#317,#317,#281,.T.);
#388=EDGE_CURVE('',#318,#318,#282,.T.);
#389=EDGE_CURVE('',#319,#319,#283,.T.);
#390=EDGE_CURVE('',#320,#320,#284,.T.);
#391=EDGE_CURVE('',#321,#321,#285,.T.);
#392=EDGE_CURVE('',#322,#322,#286,.F.);
#393=EDGE_CURVE('',#323,#324,#17,.F.);
#394=EDGE_CURVE('',#325,#323,#18,.F.);
#395=EDGE_CURVE('',#324,#325,#19,.F.);
#396=EDGE_CURVE('',#324,#317,#213,.T.);
#397=EDGE_CURVE('',#326,#326,#287,.T.);
#398=EDGE_CURVE('',#326,#327,#214,.T.);
#399=EDGE_CURVE('',#327,#328,#20,.F.);
#400=EDGE_CURVE('',#328,#329,#21,.F.);
#401=EDGE_CURVE('',#329,#330,#215,.T.);
#402=EDGE_CURVE('',#330,#330,#288,.T.);
#403=EDGE_CURVE('',#329,#327,#22,.F.);
#404=EDGE_CURVE('',#331,#332,#23,.F.);
#405=EDGE_CURVE('',#332,#333,#24,.F.);
#406=EDGE_CURVE('',#333,#331,#25,.F.);
#407=EDGE_CURVE('',#334,#335,#26,.F.);
#408=EDGE_CURVE('',#335,#336,#27,.F.);
#409=EDGE_CURVE('',#336,#334,#28,.F.);
#410=EDGE_CURVE('',#335,#318,#216,.T.);
#411=EDGE_CURVE('',#328,#319,#217,.T.);
#412=EDGE_CURVE('',#332,#321,#218,.T.);
#413=EDGE_CURVE('',#322,#337,#219,.T.);
#414=EDGE_CURVE('',#337,#337,#29,.F.);
#415=EDGE_CURVE('',#338,#339,#30,.F.);
#416=EDGE_CURVE('',#338,#320,#220,.T.);
#417=EDGE_CURVE('',#340,#338,#31,.F.);
#418=EDGE_CURVE('',#339,#340,#32,.F.);
#419=EDGE_CURVE('',#341,#341,#289,.T.);
#420=EDGE_CURVE('',#341,#340,#221,.T.);
#421=EDGE_CURVE('',#339,#342,#222,.T.);
#422=EDGE_CURVE('',#342,#342,#290,.F.);
#423=EDGE_CURVE('',#343,#344,#223,.T.);
#424=EDGE_CURVE('',#343,#344,#291,.T.);
#425=EDGE_CURVE('',#344,#345,#292,.T.);
#426=EDGE_CURVE('',#345,#346,#224,.T.);
#427=EDGE_CURVE('',#347,#346,#33,.T.);
#428=EDGE_CURVE('',#346,#347,#34,.T.);
#429=EDGE_CURVE('',#345,#343,#293,.T.);
#430=EDGE_CURVE('',#343,#344,#225,.T.);
#431=EDGE_CURVE('',#348,#348,#294,.T.);
#432=EDGE_CURVE('',#348,#344,#226,.T.);
#433=EDGE_CURVE('',#343,#349,#227,.T.);
#434=EDGE_CURVE('',#350,#349,#35,.T.);
#435=EDGE_CURVE('',#349,#350,#36,.T.);
#436=EDGE_CURVE('',#351,#352,#228,.T.);
#437=EDGE_CURVE('',#353,#351,#229,.T.);
#438=EDGE_CURVE('',#353,#354,#230,.T.);
#439=EDGE_CURVE('',#352,#354,#231,.T.);
#440=EDGE_CURVE('',#355,#355,#295,.T.);
#441=EDGE_CURVE('',#356,#356,#296,.T.);
#442=EDGE_CURVE('',#354,#357,#297,.T.);
#443=EDGE_CURVE('',#357,#353,#298,.T.);
#444=EDGE_CURVE('',#358,#358,#299,.T.);
#445=EDGE_CURVE('',#358,#357,#232,.T.);
#446=EDGE_CURVE('',#352,#351,#300,.T.);
#447=EDGE_CURVE('',#359,#360,#37,.F.);
#448=EDGE_CURVE('',#360,#359,#38,.F.);
#449=EDGE_CURVE('',#361,#361,#39,.T.);
#450=EDGE_CURVE('',#355,#361,#233,.T.);
#451=EDGE_CURVE('',#356,#360,#234,.T.);
#452=EDGE_CURVE('',#362,#362,#301,.T.);
#453=EDGE_CURVE('',#362,#363,#235,.T.);
#454=EDGE_CURVE('',#363,#363,#302,.F.);
#455=EDGE_CURVE('',#364,#364,#303,.T.);
#456=EDGE_CURVE('',#364,#365,#236,.T.);
#457=EDGE_CURVE('',#366,#366,#304,.T.);
#458=EDGE_CURVE('',#366,#364,#237,.T.);
#459=EDGE_CURVE('',#367,#368,#40,.F.);
#460=EDGE_CURVE('',#369,#367,#41,.F.);
#461=EDGE_CURVE('',#368,#369,#42,.F.);
#462=EDGE_CURVE('',#368,#370,#238,.T.);
#463=EDGE_CURVE('',#370,#370,#305,.T.);
#464=EDGE_CURVE('',#371,#372,#43,.F.);
#465=EDGE_CURVE('',#373,#371,#44,.F.);
#466=EDGE_CURVE('',#373,#374,#239,.T.);
#467=EDGE_CURVE('',#374,#374,#306,.F.);
#468=EDGE_CURVE('',#372,#373,#45,.F.);
#469=EDGE_CURVE('',#375,#375,#307,.T.);
#470=EDGE_CURVE('',#375,#376,#240,.T.);
#471=EDGE_CURVE('',#376,#376,#308,.T.);
#472=EDGE_CURVE('',#377,#377,#309,.T.);
#473=EDGE_CURVE('',#378,#378,#310,.T.);
#474=EDGE_CURVE('',#377,#367,#241,.T.);
#475=EDGE_CURVE('',#369,#378,#242,.T.);
#476=ORIENTED_EDGE('',*,*,#379,.F.);
#477=ORIENTED_EDGE('',*,*,#380,.T.);
#478=ORIENTED_EDGE('',*,*,#380,.F.);
#479=ORIENTED_EDGE('',*,*,#381,.F.);
#480=ORIENTED_EDGE('',*,*,#382,.T.);
#481=ORIENTED_EDGE('',*,*,#379,.T.);
#482=ORIENTED_EDGE('',*,*,#382,.F.);
#483=ORIENTED_EDGE('',*,*,#383,.F.);
#484=ORIENTED_EDGE('',*,*,#384,.T.);
#485=ORIENTED_EDGE('',*,*,#384,.F.);
#486=ORIENTED_EDGE('',*,*,#385,.F.);
#487=ORIENTED_EDGE('',*,*,#386,.T.);
#488=ORIENTED_EDGE('',*,*,#383,.T.);
#489=ORIENTED_EDGE('',*,*,#386,.F.);
#490=ORIENTED_EDGE('',*,*,#387,.F.);
#491=ORIENTED_EDGE('',*,*,#381,.T.);
#492=ORIENTED_EDGE('',*,*,#388,.F.);
#493=ORIENTED_EDGE('',*,*,#385,.T.);
#494=ORIENTED_EDGE('',*,*,#389,.F.);
#495=ORIENTED_EDGE('',*,*,#390,.F.);
#496=ORIENTED_EDGE('',*,*,#391,.F.);
#497=ORIENTED_EDGE('',*,*,#392,.F.);
#498=ORIENTED_EDGE('',*,*,#393,.F.);
#499=ORIENTED_EDGE('',*,*,#394,.F.);
#500=ORIENTED_EDGE('',*,*,#395,.F.);
#501=ORIENTED_EDGE('',*,*,#396,.T.);
#502=ORIENTED_EDGE('',*,*,#387,.T.);
#503=ORIENTED_EDGE('',*,*,#396,.F.);
#504=ORIENTED_EDGE('',*,*,#397,.F.);
#505=ORIENTED_EDGE('',*,*,#398,.T.);
#506=ORIENTED_EDGE('',*,*,#399,.T.);
#507=ORIENTED_EDGE('',*,*,#400,.T.);
#508=ORIENTED_EDGE('',*,*,#401,.T.);
#509=ORIENTED_EDGE('',*,*,#402,.F.);
#510=ORIENTED_EDGE('',*,*,#401,.F.);
#511=ORIENTED_EDGE('',*,*,#403,.T.);
#512=ORIENTED_EDGE('',*,*,#398,.F.);
#513=ORIENTED_EDGE('',*,*,#394,.T.);
#514=ORIENTED_EDGE('',*,*,#393,.T.);
#515=ORIENTED_EDGE('',*,*,#395,.T.);
#516=ORIENTED_EDGE('',*,*,#404,.T.);
#517=ORIENTED_EDGE('',*,*,#405,.T.);
#518=ORIENTED_EDGE('',*,*,#406,.T.);
#519=ORIENTED_EDGE('',*,*,#407,.T.);
#520=ORIENTED_EDGE('',*,*,#408,.T.);
#521=ORIENTED_EDGE('',*,*,#409,.T.);
#522=ORIENTED_EDGE('',*,*,#409,.F.);
#523=ORIENTED_EDGE('',*,*,#408,.F.);
#524=ORIENTED_EDGE('',*,*,#410,.T.);
#525=ORIENTED_EDGE('',*,*,#388,.T.);
#526=ORIENTED_EDGE('',*,*,#410,.F.);
#527=ORIENTED_EDGE('',*,*,#407,.F.);
#528=ORIENTED_EDGE('',*,*,#399,.F.);
#529=ORIENTED_EDGE('',*,*,#403,.F.);
#530=ORIENTED_EDGE('',*,*,#400,.F.);
#531=ORIENTED_EDGE('',*,*,#411,.T.);
#532=ORIENTED_EDGE('',*,*,#389,.T.);
#533=ORIENTED_EDGE('',*,*,#411,.F.);
#534=ORIENTED_EDGE('',*,*,#406,.F.);
#535=ORIENTED_EDGE('',*,*,#405,.F.);
#536=ORIENTED_EDGE('',*,*,#412,.T.);
#537=ORIENTED_EDGE('',*,*,#391,.T.);
#538=ORIENTED_EDGE('',*,*,#412,.F.);
#539=ORIENTED_EDGE('',*,*,#404,.F.);
#540=ORIENTED_EDGE('',*,*,#392,.T.);
#541=ORIENTED_EDGE('',*,*,#413,.T.);
#542=ORIENTED_EDGE('',*,*,#414,.F.);
#543=ORIENTED_EDGE('',*,*,#413,.F.);
#544=ORIENTED_EDGE('',*,*,#415,.F.);
#545=ORIENTED_EDGE('',*,*,#416,.T.);
#546=ORIENTED_EDGE('',*,*,#390,.T.);
#547=ORIENTED_EDGE('',*,*,#416,.F.);
#548=ORIENTED_EDGE('',*,*,#417,.F.);
#549=ORIENTED_EDGE('',*,*,#418,.F.);
#550=ORIENTED_EDGE('',*,*,#419,.F.);
#551=ORIENTED_EDGE('',*,*,#420,.T.);
#552=ORIENTED_EDGE('',*,*,#417,.T.);
#553=ORIENTED_EDGE('',*,*,#415,.T.);
#554=ORIENTED_EDGE('',*,*,#421,.T.);
#555=ORIENTED_EDGE('',*,*,#422,.F.);
#556=ORIENTED_EDGE('',*,*,#421,.F.);
#557=ORIENTED_EDGE('',*,*,#418,.T.);
#558=ORIENTED_EDGE('',*,*,#420,.F.);
#559=ORIENTED_EDGE('',*,*,#414,.T.);
#560=ORIENTED_EDGE('',*,*,#402,.T.);
#561=ORIENTED_EDGE('',*,*,#419,.T.);
#562=ORIENTED_EDGE('',*,*,#397,.T.);
#563=ORIENTED_EDGE('',*,*,#422,.T.);
#564=ORIENTED_EDGE('',*,*,#423,.T.);
#565=ORIENTED_EDGE('',*,*,#424,.F.);
#566=ORIENTED_EDGE('',*,*,#424,.T.);
#567=ORIENTED_EDGE('',*,*,#425,.T.);
#568=ORIENTED_EDGE('',*,*,#426,.T.);
#569=ORIENTED_EDGE('',*,*,#427,.F.);
#570=ORIENTED_EDGE('',*,*,#428,.F.);
#571=ORIENTED_EDGE('',*,*,#426,.F.);
#572=ORIENTED_EDGE('',*,*,#429,.T.);
#573=ORIENTED_EDGE('',*,*,#430,.F.);
#574=ORIENTED_EDGE('',*,*,#429,.F.);
#575=ORIENTED_EDGE('',*,*,#425,.F.);
#576=ORIENTED_EDGE('',*,*,#431,.F.);
#577=ORIENTED_EDGE('',*,*,#432,.T.);
#578=ORIENTED_EDGE('',*,*,#423,.F.);
#579=ORIENTED_EDGE('',*,*,#433,.T.);
#580=ORIENTED_EDGE('',*,*,#434,.F.);
#581=ORIENTED_EDGE('',*,*,#435,.F.);
#582=ORIENTED_EDGE('',*,*,#433,.F.);
#583=ORIENTED_EDGE('',*,*,#430,.T.);
#584=ORIENTED_EDGE('',*,*,#432,.F.);
#585=ORIENTED_EDGE('',*,*,#436,.F.);
#586=ORIENTED_EDGE('',*,*,#437,.F.);
#587=ORIENTED_EDGE('',*,*,#438,.T.);
#588=ORIENTED_EDGE('',*,*,#439,.F.);
#589=ORIENTED_EDGE('',*,*,#431,.T.);
#590=ORIENTED_EDGE('',*,*,#440,.F.);
#591=ORIENTED_EDGE('',*,*,#441,.F.);
#592=ORIENTED_EDGE('',*,*,#442,.F.);
#593=ORIENTED_EDGE('',*,*,#438,.F.);
#594=ORIENTED_EDGE('',*,*,#443,.F.);
#595=ORIENTED_EDGE('',*,*,#444,.F.);
#596=ORIENTED_EDGE('',*,*,#445,.T.);
#597=ORIENTED_EDGE('',*,*,#443,.T.);
#598=ORIENTED_EDGE('',*,*,#437,.T.);
#599=ORIENTED_EDGE('',*,*,#446,.F.);
#600=ORIENTED_EDGE('',*,*,#439,.T.);
#601=ORIENTED_EDGE('',*,*,#442,.T.);
#602=ORIENTED_EDGE('',*,*,#445,.F.);
#603=ORIENTED_EDGE('',*,*,#427,.T.);
#604=ORIENTED_EDGE('',*,*,#428,.T.);
#605=ORIENTED_EDGE('',*,*,#434,.T.);
#606=ORIENTED_EDGE('',*,*,#435,.T.);
#607=ORIENTED_EDGE('',*,*,#447,.T.);
#608=ORIENTED_EDGE('',*,*,#448,.T.);
#609=ORIENTED_EDGE('',*,*,#449,.T.);
#610=ORIENTED_EDGE('',*,*,#440,.T.);
#611=ORIENTED_EDGE('',*,*,#450,.T.);
#612=ORIENTED_EDGE('',*,*,#449,.F.);
#613=ORIENTED_EDGE('',*,*,#450,.F.);
#614=ORIENTED_EDGE('',*,*,#441,.T.);
#615=ORIENTED_EDGE('',*,*,#451,.T.);
#616=ORIENTED_EDGE('',*,*,#447,.F.);
#617=ORIENTED_EDGE('',*,*,#448,.F.);
#618=ORIENTED_EDGE('',*,*,#451,.F.);
#619=ORIENTED_EDGE('',*,*,#452,.F.);
#620=ORIENTED_EDGE('',*,*,#453,.T.);
#621=ORIENTED_EDGE('',*,*,#454,.F.);
#622=ORIENTED_EDGE('',*,*,#453,.F.);
#623=ORIENTED_EDGE('',*,*,#455,.F.);
#624=ORIENTED_EDGE('',*,*,#456,.T.);
#625=ORIENTED_EDGE('',*,*,#456,.F.);
#626=ORIENTED_EDGE('',*,*,#457,.F.);
#627=ORIENTED_EDGE('',*,*,#458,.T.);
#628=ORIENTED_EDGE('',*,*,#455,.T.);
#629=ORIENTED_EDGE('',*,*,#458,.F.);
#630=ORIENTED_EDGE('',*,*,#459,.F.);
#631=ORIENTED_EDGE('',*,*,#460,.F.);
#632=ORIENTED_EDGE('',*,*,#461,.F.);
#633=ORIENTED_EDGE('',*,*,#462,.T.);
#634=ORIENTED_EDGE('',*,*,#463,.T.);
#635=ORIENTED_EDGE('',*,*,#462,.F.);
#636=ORIENTED_EDGE('',*,*,#463,.F.);
#637=ORIENTED_EDGE('',*,*,#452,.T.);
#638=ORIENTED_EDGE('',*,*,#464,.F.);
#639=ORIENTED_EDGE('',*,*,#465,.F.);
#640=ORIENTED_EDGE('',*,*,#466,.T.);
#641=ORIENTED_EDGE('',*,*,#467,.T.);
#642=ORIENTED_EDGE('',*,*,#466,.F.);
#643=ORIENTED_EDGE('',*,*,#468,.F.);
#644=ORIENTED_EDGE('',*,*,#467,.F.);
#645=ORIENTED_EDGE('',*,*,#454,.T.);
#646=ORIENTED_EDGE('',*,*,#469,.F.);
#647=ORIENTED_EDGE('',*,*,#470,.T.);
#648=ORIENTED_EDGE('',*,*,#471,.F.);
#649=ORIENTED_EDGE('',*,*,#470,.F.);
#650=ORIENTED_EDGE('',*,*,#436,.T.);
#651=ORIENTED_EDGE('',*,*,#446,.T.);
#652=ORIENTED_EDGE('',*,*,#469,.T.);
#653=ORIENTED_EDGE('',*,*,#457,.T.);
#654=ORIENTED_EDGE('',*,*,#472,.T.);
#655=ORIENTED_EDGE('',*,*,#471,.T.);
#656=ORIENTED_EDGE('',*,*,#473,.T.);
#657=ORIENTED_EDGE('',*,*,#444,.T.);
#658=ORIENTED_EDGE('',*,*,#472,.F.);
#659=ORIENTED_EDGE('',*,*,#474,.T.);
#660=ORIENTED_EDGE('',*,*,#459,.T.);
#661=ORIENTED_EDGE('',*,*,#461,.T.);
#662=ORIENTED_EDGE('',*,*,#475,.T.);
#663=ORIENTED_EDGE('',*,*,#473,.F.);
#664=ORIENTED_EDGE('',*,*,#475,.F.);
#665=ORIENTED_EDGE('',*,*,#460,.T.);
#666=ORIENTED_EDGE('',*,*,#474,.F.);
#667=ORIENTED_EDGE('',*,*,#468,.T.);
#668=ORIENTED_EDGE('',*,*,#465,.T.);
#669=ORIENTED_EDGE('',*,*,#464,.T.);
#670=CONICAL_SURFACE('',#728,1.69493368394535,1.02974425867665);
#671=CONICAL_SURFACE('',#732,1.69493368394535,1.02974425867665);
#672=CONICAL_SURFACE('',#782,1.25875,1.02974425867665);
#673=ADVANCED_FACE('',(#106),#670,.F.);
#674=ADVANCED_FACE('',(#107),#85,.F.);
#675=ADVANCED_FACE('',(#108),#671,.F.);
#676=ADVANCED_FACE('',(#109),#86,.F.);
#677=ADVANCED_FACE('',(#110,#46),#69,.T.);
#678=ADVANCED_FACE('',(#111,#47),#70,.F.);
#679=ADVANCED_FACE('',(#112,#48),#71,.F.);
#680=ADVANCED_FACE('',(#113,#49),#72,.T.);
#681=ADVANCED_FACE('',(#114),#87,.F.);
#682=ADVANCED_FACE('',(#115,#50,#51,#52),#88,.T.);
#683=ADVANCED_FACE('',(#116),#89,.F.);
#684=ADVANCED_FACE('',(#117),#90,.F.);
#685=ADVANCED_FACE('',(#118),#91,.F.);
#686=ADVANCED_FACE('',(#119),#92,.F.);
#687=ADVANCED_FACE('',(#120),#93,.F.);
#688=ADVANCED_FACE('',(#121,#53),#94,.F.);
#689=ADVANCED_FACE('',(#122,#54),#73,.F.);
#690=ADVANCED_FACE('',(#123,#55),#74,.T.);
#691=ADVANCED_FACE('',(#124),#75,.F.);
#692=ADVANCED_FACE('',(#125),#95,.F.);
#693=ADVANCED_FACE('',(#126),#76,.F.);
#694=ADVANCED_FACE('',(#127),#96,.F.);
#695=ADVANCED_FACE('',(#128,#56,#57,#58),#77,.F.);
#696=ADVANCED_FACE('',(#129),#78,.T.);
#697=ADVANCED_FACE('',(#130,#59,#60,#61,#62),#97,.T.);
#698=ADVANCED_FACE('',(#131),#98,.F.);
#699=ADVANCED_FACE('',(#132),#99,.F.);
#700=ADVANCED_FACE('',(#133),#100,.F.);
#701=ADVANCED_FACE('',(#134),#672,.F.);
#702=ADVANCED_FACE('',(#135),#101,.F.);
#703=ADVANCED_FACE('',(#136),#102,.F.);
#704=ADVANCED_FACE('',(#137,#63),#79,.F.);
#705=ADVANCED_FACE('',(#138),#103,.F.);
#706=ADVANCED_FACE('',(#139,#64),#80,.T.);
#707=ADVANCED_FACE('',(#140),#104,.T.);
#708=ADVANCED_FACE('',(#141),#81,.F.);
#709=ADVANCED_FACE('',(#142,#65),#82,.T.);
#710=ADVANCED_FACE('',(#143,#66),#83,.T.);
#711=ADVANCED_FACE('',(#144,#67),#84,.F.);
#712=ADVANCED_FACE('',(#145,#68),#105,.T.);
#713=CLOSED_SHELL('',(#673,#674,#675,#676,#677,#678,#679,#680,#681,#682,
#683,#684,#685,#686,#687,#688,#689,#690));
#714=CLOSED_SHELL('',(#691,#692,#693,#694,#695,#696,#697,#698,#699,#700,
#701,#702,#703,#704,#705,#706,#707,#708,#709,#710,#711,#712));
#715=DERIVED_UNIT_ELEMENT(#717,1.);
#716=DERIVED_UNIT_ELEMENT(#1646,-3.);
#717=(
MASS_UNIT()
NAMED_UNIT(*)
SI_UNIT(.KILO.,.GRAM.)
);
#718=DERIVED_UNIT((#715,#716));
#719=MEASURE_REPRESENTATION_ITEM('density measure',
POSITIVE_RATIO_MEASURE(7850.),#718);
#720=PROPERTY_DEFINITION_REPRESENTATION(#725,#722);
#721=PROPERTY_DEFINITION_REPRESENTATION(#726,#723);
#722=REPRESENTATION('material name',(#724),#1643);
#723=REPRESENTATION('density',(#719),#1643);
#724=DESCRIPTIVE_REPRESENTATION_ITEM('Acier','Acier');
#725=PROPERTY_DEFINITION('material property','material name',#1653);
#726=PROPERTY_DEFINITION('material property','density of part',#1653);
#727=AXIS2_PLACEMENT_3D('',#986,#802,#803);
#728=AXIS2_PLACEMENT_3D('',#987,#804,#805);
#729=AXIS2_PLACEMENT_3D('',#989,#806,#807);
#730=AXIS2_PLACEMENT_3D('',#992,#809,#810);
#731=AXIS2_PLACEMENT_3D('',#994,#811,#812);
#732=AXIS2_PLACEMENT_3D('',#996,#814,#815);
#733=AXIS2_PLACEMENT_3D('',#998,#816,#817);
#734=AXIS2_PLACEMENT_3D('',#1001,#819,#820);
#735=AXIS2_PLACEMENT_3D('',#1003,#821,#822);
#736=AXIS2_PLACEMENT_3D('',#1005,#824,#825);
#737=AXIS2_PLACEMENT_3D('',#1007,#826,#827);
#738=AXIS2_PLACEMENT_3D('',#1008,#828,#829);
#739=AXIS2_PLACEMENT_3D('',#1010,#830,#831);
#740=AXIS2_PLACEMENT_3D('',#1011,#832,#833);
#741=AXIS2_PLACEMENT_3D('',#1013,#834,#835);
#742=AXIS2_PLACEMENT_3D('',#1015,#836,#837);
#743=AXIS2_PLACEMENT_3D('',#1016,#838,#839);
#744=AXIS2_PLACEMENT_3D('',#1018,#840,#841);
#745=AXIS2_PLACEMENT_3D('',#1020,#842,#843);
#746=AXIS2_PLACEMENT_3D('',#1021,#844,#845);
#747=AXIS2_PLACEMENT_3D('',#1067,#847,#848);
#748=AXIS2_PLACEMENT_3D('',#1069,#849,#850);
#749=AXIS2_PLACEMENT_3D('',#1096,#853,#854);
#750=AXIS2_PLACEMENT_3D('',#1200,#855,#856);
#751=AXIS2_PLACEMENT_3D('',#1202,#858,#859);
#752=AXIS2_PLACEMENT_3D('',#1204,#861,#862);
#753=AXIS2_PLACEMENT_3D('',#1206,#864,#865);
#754=AXIS2_PLACEMENT_3D('',#1243,#867,#868);
#755=AXIS2_PLACEMENT_3D('',#1286,#870,#871);
#756=AXIS2_PLACEMENT_3D('',#1288,#872,#873);
#757=AXIS2_PLACEMENT_3D('',#1292,#876,#877);
#758=AXIS2_PLACEMENT_3D('',#1293,#878,#879);
#759=AXIS2_PLACEMENT_3D('',#1294,#880,#881);
#760=AXIS2_PLACEMENT_3D('',#1295,#882,#883);
#761=AXIS2_PLACEMENT_3D('',#1299,#885,#886);
#762=AXIS2_PLACEMENT_3D('',#1300,#887,#888);
#763=AXIS2_PLACEMENT_3D('',#1302,#889,#890);
#764=AXIS2_PLACEMENT_3D('',#1342,#892,#893);
#765=AXIS2_PLACEMENT_3D('',#1343,#894,#895);
#766=AXIS2_PLACEMENT_3D('',#1345,#897,#898);
#767=AXIS2_PLACEMENT_3D('',#1347,#899,#900);
#768=AXIS2_PLACEMENT_3D('',#1415,#903,#904);
#769=AXIS2_PLACEMENT_3D('',#1425,#909,#910);
#770=AXIS2_PLACEMENT_3D('',#1427,#911,#912);
#771=AXIS2_PLACEMENT_3D('',#1428,#913,#914);
#772=AXIS2_PLACEMENT_3D('',#1430,#915,#916);
#773=AXIS2_PLACEMENT_3D('',#1431,#917,#918);
#774=AXIS2_PLACEMENT_3D('',#1432,#919,#920);
#775=AXIS2_PLACEMENT_3D('',#1434,#921,#922);
#776=AXIS2_PLACEMENT_3D('',#1436,#924,#925);
#777=AXIS2_PLACEMENT_3D('',#1512,#926,#927);
#778=AXIS2_PLACEMENT_3D('',#1514,#929,#930);
#779=AXIS2_PLACEMENT_3D('',#1516,#932,#933);
#780=AXIS2_PLACEMENT_3D('',#1518,#934,#935);
#781=AXIS2_PLACEMENT_3D('',#1521,#937,#938);
#782=AXIS2_PLACEMENT_3D('',#1522,#939,#940);
#783=AXIS2_PLACEMENT_3D('',#1524,#941,#942);
#784=AXIS2_PLACEMENT_3D('',#1527,#944,#945);
#785=AXIS2_PLACEMENT_3D('',#1529,#946,#947);
#786=AXIS2_PLACEMENT_3D('',#1531,#949,#950);
#787=AXIS2_PLACEMENT_3D('',#1576,#952,#953);
#788=AXIS2_PLACEMENT_3D('',#1577,#954,#955);
#789=AXIS2_PLACEMENT_3D('',#1578,#956,#957);
#790=AXIS2_PLACEMENT_3D('',#1612,#959,#960);
#791=AXIS2_PLACEMENT_3D('',#1623,#961,#962);
#792=AXIS2_PLACEMENT_3D('',#1624,#963,#964);
#793=AXIS2_PLACEMENT_3D('',#1626,#965,#966);
#794=AXIS2_PLACEMENT_3D('',#1629,#968,#969);
#795=AXIS2_PLACEMENT_3D('',#1630,#970,#971);
#796=AXIS2_PLACEMENT_3D('',#1631,#972,#973);
#797=AXIS2_PLACEMENT_3D('',#1632,#974,#975);
#798=AXIS2_PLACEMENT_3D('',#1634,#976,#977);
#799=AXIS2_PLACEMENT_3D('',#1635,#978,#979);
#800=AXIS2_PLACEMENT_3D('',#1637,#980,#981);
#801=AXIS2_PLACEMENT_3D('',#1638,#982,#983);
#802=DIRECTION('axis',(0.,0.,1.));
#803=DIRECTION('refdir',(1.,0.,0.));
#804=DIRECTION('center_axis',(0.,1.,0.));
#805=DIRECTION('ref_axis',(0.,0.,1.));
#806=DIRECTION('center_axis',(0.,-1.,0.));
#807=DIRECTION('ref_axis',(0.,0.,1.));
#808=DIRECTION('',(-1.04972719113862E-16,-0.515038074910054,0.857167300702112));
#809=DIRECTION('center_axis',(0.,-1.,0.));
#810=DIRECTION('ref_axis',(0.,0.,1.));
#811=DIRECTION('center_axis',(0.,-1.,0.));
#812=DIRECTION('ref_axis',(0.,0.,1.));
#813=DIRECTION('',(0.,-1.,0.));
#814=DIRECTION('center_axis',(0.,-1.,0.));
#815=DIRECTION('ref_axis',(0.,0.,-1.));
#816=DIRECTION('center_axis',(0.,1.,0.));
#817=DIRECTION('ref_axis',(0.,0.,-1.));
#818=DIRECTION('',(-1.04972719113862E-16,0.515038074910054,-0.857167300702112));
#819=DIRECTION('center_axis',(0.,1.,0.));
#820=DIRECTION('ref_axis',(0.,0.,-1.));
#821=DIRECTION('center_axis',(0.,-1.,0.));
#822=DIRECTION('ref_axis',(0.,0.,-1.));
#823=DIRECTION('',(0.,1.,0.));
#824=DIRECTION('center_axis',(0.,1.,0.));
#825=DIRECTION('ref_axis',(1.,0.,0.));
#826=DIRECTION('center_axis',(0.,-1.,0.));
#827=DIRECTION('ref_axis',(1.,0.,0.));
#828=DIRECTION('center_axis',(0.,1.,0.));
#829=DIRECTION('ref_axis',(1.,0.,0.));
#830=DIRECTION('center_axis',(0.,1.,0.));
#831=DIRECTION('ref_axis',(1.,0.,0.));
#832=DIRECTION('center_axis',(1.,0.,0.));
#833=DIRECTION('ref_axis',(0.,1.,0.));
#834=DIRECTION('center_axis',(1.,0.,0.));
#835=DIRECTION('ref_axis',(0.,1.,0.));
#836=DIRECTION('center_axis',(-1.,0.,0.));
#837=DIRECTION('ref_axis',(0.,1.,0.));
#838=DIRECTION('center_axis',(1.,0.,0.));
#839=DIRECTION('ref_axis',(0.,1.,0.));
#840=DIRECTION('center_axis',(-1.,0.,0.));
#841=DIRECTION('ref_axis',(0.,1.,0.));
#842=DIRECTION('center_axis',(-1.,0.,0.));
#843=DIRECTION('ref_axis',(0.,1.,0.));
#844=DIRECTION('center_axis',(0.,-1.,0.));
#845=DIRECTION('ref_axis',(1.,0.,0.));
#846=DIRECTION('',(0.,-1.,0.));
#847=DIRECTION('center_axis',(0.,0.,1.));
#848=DIRECTION('ref_axis',(1.,0.,0.));
#849=DIRECTION('center_axis',(0.,0.,1.));
#850=DIRECTION('ref_axis',(1.,0.,0.));
#851=DIRECTION('',(0.,0.,-1.));
#852=DIRECTION('',(0.,0.,-1.));
#853=DIRECTION('center_axis',(0.,0.,-1.));
#854=DIRECTION('ref_axis',(1.,0.,0.));
#855=DIRECTION('center_axis',(0.,1.,0.));
#856=DIRECTION('ref_axis',(1.,0.,0.));
#857=DIRECTION('',(0.,1.,0.));
#858=DIRECTION('center_axis',(1.,0.,0.));
#859=DIRECTION('ref_axis',(0.,1.,0.));
#860=DIRECTION('',(1.,0.,0.));
#861=DIRECTION('center_axis',(-1.,0.,0.));
#862=DIRECTION('ref_axis',(0.,1.,0.));
#863=DIRECTION('',(-1.,0.,0.));
#864=DIRECTION('center_axis',(-1.,0.,0.));
#865=DIRECTION('ref_axis',(0.,1.,0.));
#866=DIRECTION('',(-1.,0.,0.));
#867=DIRECTION('center_axis',(-1.,0.,0.));
#868=DIRECTION('ref_axis',(0.,1.,0.));
#869=DIRECTION('',(-1.,0.,0.));
#870=DIRECTION('center_axis',(0.,0.,1.));
#871=DIRECTION('ref_axis',(1.,0.,0.));
#872=DIRECTION('center_axis',(0.,0.,1.));
#873=DIRECTION('ref_axis',(1.,0.,0.));
#874=DIRECTION('',(0.,0.,1.));
#875=DIRECTION('',(0.,0.,1.));
#876=DIRECTION('center_axis',(0.,0.,1.));
#877=DIRECTION('ref_axis',(1.,0.,0.));
#878=DIRECTION('center_axis',(0.,0.,1.));
#879=DIRECTION('ref_axis',(1.,0.,0.));
#880=DIRECTION('center_axis',(0.,0.,1.));
#881=DIRECTION('ref_axis',(1.,0.,0.));
#882=DIRECTION('center_axis',(0.,-1.,0.));
#883=DIRECTION('ref_axis',(0.,0.,1.));
#884=DIRECTION('',(1.,0.,0.));
#885=DIRECTION('center_axis',(0.,-1.,0.));
#886=DIRECTION('ref_axis',(0.,0.,-1.));
#887=DIRECTION('center_axis',(0.,1.,0.));
#888=DIRECTION('ref_axis',(0.,0.,-1.));
#889=DIRECTION('center_axis',(0.,-1.,0.));
#890=DIRECTION('ref_axis',(0.,0.,-1.));
#891=DIRECTION('',(0.,1.,0.));
#892=DIRECTION('center_axis',(0.,-1.,0.));
#893=DIRECTION('ref_axis',(0.,0.,-1.));
#894=DIRECTION('center_axis',(0.,-1.,0.));
#895=DIRECTION('ref_axis',(0.,0.,1.));
#896=DIRECTION('',(1.,0.,0.));
#897=DIRECTION('center_axis',(-1.,0.,0.));
#898=DIRECTION('ref_axis',(0.,-1.,-1.22464679914735E-16));
#899=DIRECTION('center_axis',(-1.,0.,0.));
#900=DIRECTION('ref_axis',(0.,1.,0.));
#901=DIRECTION('',(-1.,0.,0.));
#902=DIRECTION('',(-1.,0.,0.));
#903=DIRECTION('center_axis',(-1.,0.,0.));
#904=DIRECTION('ref_axis',(0.,-1.,0.));
#905=DIRECTION('',(0.,-1.,0.));
#906=DIRECTION('',(0.,0.,-1.));
#907=DIRECTION('',(0.,-1.,0.));
#908=DIRECTION('',(0.,0.,1.));
#909=DIRECTION('center_axis',(1.,0.,0.));
#910=DIRECTION('ref_axis',(-1.22464679914735E-16,1.,0.));
#911=DIRECTION('center_axis',(1.,4.37459010413154E-17,9.38133875270273E-17));
#912=DIRECTION('ref_axis',(-7.87187788734198E-17,0.642787609686539,-0.766044443118978));
#913=DIRECTION('center_axis',(0.,0.,-1.));
#914=DIRECTION('ref_axis',(1.,0.,0.));
#915=DIRECTION('center_axis',(0.,0.,1.));
#916=DIRECTION('ref_axis',(-1.,0.,0.));
#917=DIRECTION('center_axis',(0.,0.,1.));
#918=DIRECTION('ref_axis',(-1.,0.,0.));
#919=DIRECTION('center_axis',(0.,0.,1.));
#920=DIRECTION('ref_axis',(-1.,0.,0.));
#921=DIRECTION('center_axis',(0.,0.,1.));
#922=DIRECTION('ref_axis',(-1.,0.,0.));
#923=DIRECTION('',(0.,0.,-1.));
#924=DIRECTION('center_axis',(0.,0.,-1.));
#925=DIRECTION('ref_axis',(-1.,0.,0.));
#926=DIRECTION('center_axis',(-1.,-1.22464679914735E-16,0.));
#927=DIRECTION('ref_axis',(-1.22464679914735E-16,1.,0.));
#928=DIRECTION('',(-1.,-1.22464679914735E-16,0.));
#929=DIRECTION('center_axis',(-1.,-1.22464679914735E-16,1.23259516440783E-32));
#930=DIRECTION('ref_axis',(-7.87187788734198E-17,0.642787609686539,-0.766044443118978));
#931=DIRECTION('',(-1.,-1.22464679914735E-16,1.23259516440783E-32));
#932=DIRECTION('center_axis',(1.,0.,0.));
#933=DIRECTION('ref_axis',(0.,-1.,0.));
#934=DIRECTION('center_axis',(1.,0.,0.));
#935=DIRECTION('ref_axis',(0.,-1.,0.));
#936=DIRECTION('',(1.,0.,0.));
#937=DIRECTION('center_axis',(1.,0.,0.));
#938=DIRECTION('ref_axis',(0.,-1.,0.));
#939=DIRECTION('center_axis',(0.,0.,1.));
#940=DIRECTION('ref_axis',(1.,0.,0.));
#941=DIRECTION('center_axis',(0.,0.,-1.));
#942=DIRECTION('ref_axis',(1.,0.,0.));
#943=DIRECTION('',(0.857167300702112,-1.04972719113862E-16,-0.515038074910054));
#944=DIRECTION('center_axis',(0.,0.,-1.));
#945=DIRECTION('ref_axis',(1.,0.,0.));
#946=DIRECTION('center_axis',(0.,0.,-1.));
#947=DIRECTION('ref_axis',(1.,0.,0.));
#948=DIRECTION('',(0.,0.,-1.));
#949=DIRECTION('center_axis',(1.,0.,0.));
#950=DIRECTION('ref_axis',(0.,1.,0.));
#951=DIRECTION('',(1.,0.,0.));
#952=DIRECTION('center_axis',(1.,0.,0.));
#953=DIRECTION('ref_axis',(0.,1.,0.));
#954=DIRECTION('center_axis',(1.,0.,0.));
#955=DIRECTION('ref_axis',(0.,1.,0.));
#956=DIRECTION('center_axis',(-1.,0.,0.));
#957=DIRECTION('ref_axis',(0.,1.,0.));
#958=DIRECTION('',(-1.,0.,0.));
#959=DIRECTION('center_axis',(1.,0.,0.));
#960=DIRECTION('ref_axis',(0.,1.,0.));
#961=DIRECTION('center_axis',(1.,0.,0.));
#962=DIRECTION('ref_axis',(0.,1.,0.));
#963=DIRECTION('center_axis',(0.,0.,1.));
#964=DIRECTION('ref_axis',(-1.,0.,0.));
#965=DIRECTION('center_axis',(0.,0.,1.));
#966=DIRECTION('ref_axis',(-1.,0.,0.));
#967=DIRECTION('',(0.,0.,-1.));
#968=DIRECTION('center_axis',(0.,0.,-1.));
#969=DIRECTION('ref_axis',(-1.,0.,0.));
#970=DIRECTION('center_axis',(0.,0.,1.));
#971=DIRECTION('ref_axis',(-1.,0.,0.));
#972=DIRECTION('center_axis',(0.,0.,1.));
#973=DIRECTION('ref_axis',(-1.,0.,0.));
#974=DIRECTION('center_axis',(0.,0.,1.));
#975=DIRECTION('ref_axis',(1.,0.,0.));
#976=DIRECTION('center_axis',(0.,0.,1.));
#977=DIRECTION('ref_axis',(1.,0.,0.));
#978=DIRECTION('center_axis',(0.,0.,1.));
#979=DIRECTION('ref_axis',(1.,0.,0.));
#980=DIRECTION('center_axis',(0.,0.,-1.));
#981=DIRECTION('ref_axis',(1.,0.,0.));
#982=DIRECTION('center_axis',(0.,0.,1.));
#983=DIRECTION('ref_axis',(1.,0.,0.));
#984=DIRECTION('',(0.,0.,-1.));
#985=DIRECTION('',(0.,0.,-1.));
#986=CARTESIAN_POINT('',(0.,0.,0.));
#987=CARTESIAN_POINT('Origin',(0.,80.9816516191974,42.5004719197358));
#988=CARTESIAN_POINT('',(4.15124648740974E-16,82.,39.1107219197358));
#989=CARTESIAN_POINT('Origin',(0.,82.,42.5004719197358));
#990=CARTESIAN_POINT('',(0.,79.9632327166513,42.5004719197358));
#991=CARTESIAN_POINT('',(2.0756951108107E-16,80.9816516191974,40.8055382357905));
#992=CARTESIAN_POINT('Origin',(0.,87.,42.5004719197358));
#993=CARTESIAN_POINT('',(4.15124648740974E-16,92.,39.1107219197358));
#994=CARTESIAN_POINT('Origin',(0.,92.,42.5004719197358));
#995=CARTESIAN_POINT('',(4.15124648740974E-16,87.,39.1107219197358));
#996=CARTESIAN_POINT('Origin',(0.,-80.9816516191974,42.5001392341167));
#997=CARTESIAN_POINT('',(4.15124648740974E-16,-82.,45.8898892341167));
#998=CARTESIAN_POINT('Origin',(0.,-82.,42.5001392341167));
#999=CARTESIAN_POINT('',(0.,-79.9632327166513,42.5001392341167));
#1000=CARTESIAN_POINT('',(2.0756951108107E-16,-80.9816516191974,44.195072918062));
#1001=CARTESIAN_POINT('Origin',(0.,-87.,42.5001392341167));
#1002=CARTESIAN_POINT('',(-4.15124648740974E-16,-92.,45.8898892341167));
#1003=CARTESIAN_POINT('Origin',(0.,-92.,42.5001392341167));
#1004=CARTESIAN_POINT('',(4.15124648740974E-16,-87.,45.8898892341167));
#1005=CARTESIAN_POINT('Origin',(0.,92.,39.5804719197358));
#1006=CARTESIAN_POINT('',(-11.,92.,42.5004719197358));
#1007=CARTESIAN_POINT('Origin',(0.,92.,42.5004719197358));
#1008=CARTESIAN_POINT('Origin',(0.,-92.,39.5041392341167));
#1009=CARTESIAN_POINT('',(-11.,-92.,42.5001392341167));
#1010=CARTESIAN_POINT('Origin',(0.,-92.,42.5001392341167));
#1011=CARTESIAN_POINT('Origin',(-53.,0.,42.2101759910583));
#1012=CARTESIAN_POINT('',(-53.,-11.,42.5001759910583));
#1013=CARTESIAN_POINT('Origin',(-53.,0.,42.5001759910583));
#1014=CARTESIAN_POINT('',(-53.,-4.5,42.5001759910583));
#1015=CARTESIAN_POINT('Origin',(-53.,0.,42.5001759910583));
#1016=CARTESIAN_POINT('Origin',(53.,0.,42.2663879020608));
#1017=CARTESIAN_POINT('',(53.,-11.,42.5003879020608));
#1018=CARTESIAN_POINT('Origin',(53.,0.,42.5003879020608));
#1019=CARTESIAN_POINT('',(53.,-4.5,42.4441759910583));
#1020=CARTESIAN_POINT('Origin',(53.,0.,42.4441759910583));
#1021=CARTESIAN_POINT('Origin',(0.,100.,42.5004719197358));
#1022=CARTESIAN_POINT('',(-3.33066907387547E-15,100.,53.5004719197358));
#1023=CARTESIAN_POINT('',(-11.,99.3931587182941,42.5004719197358));
#1024=CARTESIAN_POINT('Ctrl Pts',(-11.,99.3931587182941,42.5004719197358));
#1025=CARTESIAN_POINT('Ctrl Pts',(-11.,99.3931587182941,43.8828611934014));
#1026=CARTESIAN_POINT('Ctrl Pts',(-10.7234999350048,99.4249721456439,45.3566233131265));
#1027=CARTESIAN_POINT('Ctrl Pts',(-9.60056314406294,99.5396791368341,48.0664615818058));
#1028=CARTESIAN_POINT('Ctrl Pts',(-8.75418734622887,99.620894410343,49.302633759611));
#1029=CARTESIAN_POINT('Ctrl Pts',(-6.80216671339259,99.7731873683591,51.2546543924473));
#1030=CARTESIAN_POINT('Ctrl Pts',(-5.5659924065771,99.8541877207715,52.1010340010457));
#1031=CARTESIAN_POINT('Ctrl Pts',(-2.85614697288278,99.9684025143492,53.2239736120159));
#1032=CARTESIAN_POINT('Ctrl Pts',(-1.38238237099125,100.,53.5004719197358));
#1033=CARTESIAN_POINT('Ctrl Pts',(-2.22044604925031E-15,100.,53.5004719197358));
#1034=CARTESIAN_POINT('',(0.87168956763358,99.9962007143155,31.5350646177849));
#1035=CARTESIAN_POINT('Ctrl Pts',(-3.33066907387547E-15,100.,53.5004719197358));
#1036=CARTESIAN_POINT('Ctrl Pts',(1.38238237099124,100.,53.5004719197358));
#1037=CARTESIAN_POINT('Ctrl Pts',(2.85614697288278,99.9684025143492,53.2239736120159));
#1038=CARTESIAN_POINT('Ctrl Pts',(5.5659924065771,99.8541877207715,52.1010340010457));
#1039=CARTESIAN_POINT('Ctrl Pts',(6.80216671339258,99.7731873683591,51.2546543924473));
#1040=CARTESIAN_POINT('Ctrl Pts',(8.75418734622887,99.620894410343,49.302633759611));
#1041=CARTESIAN_POINT('Ctrl Pts',(9.60056314406294,99.5396791368341,48.0664615818058));
#1042=CARTESIAN_POINT('Ctrl Pts',(10.7234999350048,99.4249721456439,45.3566233131265));
#1043=CARTESIAN_POINT('Ctrl Pts',(11.,99.3931587182941,43.8828611934014));
#1044=CARTESIAN_POINT('Ctrl Pts',(11.,99.3931587182941,42.5004719197358));
#1045=CARTESIAN_POINT('Ctrl Pts',(11.,99.3931587182941,41.1180826460702));
#1046=CARTESIAN_POINT('Ctrl Pts',(10.7234999350048,99.4249721456439,39.6443205263452));
#1047=CARTESIAN_POINT('Ctrl Pts',(9.60056314406294,99.5396791368341,36.9344822576659));
#1048=CARTESIAN_POINT('Ctrl Pts',(8.75418734622887,99.620894410343,35.6983100798607));
#1049=CARTESIAN_POINT('Ctrl Pts',(6.80216671339259,99.7731873683591,33.7462894470244));
#1050=CARTESIAN_POINT('Ctrl Pts',(5.5659924065771,99.8541877207715,32.8999098384259));
#1051=CARTESIAN_POINT('Ctrl Pts',(3.13765298378362,99.9565375752917,31.8936242057367));
#1052=CARTESIAN_POINT('Ctrl Pts',(1.98995306896814,99.9864525576754,31.6239604153724));
#1053=CARTESIAN_POINT('Ctrl Pts',(0.871689567633577,99.9962007143155,31.5350646177849));
#1054=CARTESIAN_POINT('Ctrl Pts',(0.87168956763358,99.9962007143155,31.5350646177849));
#1055=CARTESIAN_POINT('Ctrl Pts',(0.578422381038815,99.9987571909142,31.5117514895039));
#1056=CARTESIAN_POINT('Ctrl Pts',(0.287211175928114,100.,31.5004719197358));
#1057=CARTESIAN_POINT('Ctrl Pts',(-1.38238237099124,100.,31.5004719197358));
#1058=CARTESIAN_POINT('Ctrl Pts',(-2.85614697288278,99.9684025143492,31.7769702274558));
#1059=CARTESIAN_POINT('Ctrl Pts',(-5.5659924065771,99.8541877207715,32.8999098384259));
#1060=CARTESIAN_POINT('Ctrl Pts',(-6.80216671339258,99.7731873683591,33.7462894470244));
#1061=CARTESIAN_POINT('Ctrl Pts',(-8.75418734622887,99.620894410343,35.6983100798606));
#1062=CARTESIAN_POINT('Ctrl Pts',(-9.60056314406294,99.5396791368341,36.9344822576659));
#1063=CARTESIAN_POINT('Ctrl Pts',(-10.7234999350048,99.4249721456439,39.6443205263451));
#1064=CARTESIAN_POINT('Ctrl Pts',(-11.,99.3931587182941,41.1180826460702));
#1065=CARTESIAN_POINT('Ctrl Pts',(-11.,99.3931587182941,42.5004719197358));
#1066=CARTESIAN_POINT('',(-11.,100.,42.5004719197358));
#1067=CARTESIAN_POINT('Origin',(0.,0.,35.));
#1068=CARTESIAN_POINT('',(-100.,-1.22464679914735E-14,60.));
#1069=CARTESIAN_POINT('Origin',(0.,0.,60.));
#1070=CARTESIAN_POINT('',(-100.,-1.94289029309402E-15,53.5001759910584));
#1071=CARTESIAN_POINT('',(-100.,-1.22464679914735E-14,35.));
#1072=CARTESIAN_POINT('',(-99.3931587182941,-11.,42.5001759910583));
#1073=CARTESIAN_POINT('Ctrl Pts',(-99.3931587182941,-11.,42.5001759910583));
#1074=CARTESIAN_POINT('Ctrl Pts',(-99.3931587182941,-11.,43.8825652647239));
#1075=CARTESIAN_POINT('Ctrl Pts',(-99.4249721456439,-10.7234999350048,45.356327384449));
#1076=CARTESIAN_POINT('Ctrl Pts',(-99.5396791368341,-9.60056314406294,48.0661656531283));
#1077=CARTESIAN_POINT('Ctrl Pts',(-99.620894410343,-8.75418734622887,49.3023378309335));
#1078=CARTESIAN_POINT('Ctrl Pts',(-99.7731873683591,-6.80216671339259,51.2543584637698));
#1079=CARTESIAN_POINT('Ctrl Pts',(-99.8541877207715,-5.5659924065771,52.1007380723682));
#1080=CARTESIAN_POINT('Ctrl Pts',(-99.9684025143492,-2.85614697288278,53.2236776833384));
#1081=CARTESIAN_POINT('Ctrl Pts',(-100.,-1.38238237099124,53.5001759910583));
#1082=CARTESIAN_POINT('Ctrl Pts',(-100.,-1.94289029309402E-15,53.5001759910583));
#1083=CARTESIAN_POINT('',(-100.,5.55111512312578E-16,31.5001759910583));
#1084=CARTESIAN_POINT('Ctrl Pts',(-100.,5.55111512312578E-16,31.5001759910583));
#1085=CARTESIAN_POINT('Ctrl Pts',(-100.,-1.38238237099124,31.5001759910583));
#1086=CARTESIAN_POINT('Ctrl Pts',(-99.9684025143492,-2.85614697288278,31.7766742987783));
#1087=CARTESIAN_POINT('Ctrl Pts',(-99.8541877207715,-5.5659924065771,32.8996139097485));
#1088=CARTESIAN_POINT('Ctrl Pts',(-99.7731873683591,-6.80216671339258,33.7459935183469));
#1089=CARTESIAN_POINT('Ctrl Pts',(-99.620894410343,-8.75418734622887,35.6980141511832));
#1090=CARTESIAN_POINT('Ctrl Pts',(-99.5396791368341,-9.60056314406294,36.9341863289884));
#1091=CARTESIAN_POINT('Ctrl Pts',(-99.4249721456439,-10.7234999350048,39.6440245976677));
#1092=CARTESIAN_POINT('Ctrl Pts',(-99.3931587182941,-11.,41.1177867173927));
#1093=CARTESIAN_POINT('Ctrl Pts',(-99.3931587182941,-11.,42.5001759910583));
#1094=CARTESIAN_POINT('',(-100.,-1.22464679914735E-14,25.));
#1095=CARTESIAN_POINT('',(-100.,-1.22464679914735E-14,35.));
#1096=CARTESIAN_POINT('Origin',(0.,0.,25.));
#1097=CARTESIAN_POINT('Ctrl Pts',(-100.,-1.94289029309402E-15,53.5001759910584));
#1098=CARTESIAN_POINT('Ctrl Pts',(-100.,1.38238237099124,53.5001759910584));
#1099=CARTESIAN_POINT('Ctrl Pts',(-99.9684025143492,2.85614697288278,53.2236776833384));
#1100=CARTESIAN_POINT('Ctrl Pts',(-99.8541877207715,5.56599240657711,52.1007380723682));
#1101=CARTESIAN_POINT('Ctrl Pts',(-99.7731873683591,6.80216671339259,51.2543584637698));
#1102=CARTESIAN_POINT('Ctrl Pts',(-99.620894410343,8.75418734622887,49.3023378309335));
#1103=CARTESIAN_POINT('Ctrl Pts',(-99.5396791368341,9.60056314406294,48.0661656531283));
#1104=CARTESIAN_POINT('Ctrl Pts',(-99.4249721456439,10.7234999350048,45.356327384449));
#1105=CARTESIAN_POINT('Ctrl Pts',(-99.3931587182941,11.,43.882565264724));
#1106=CARTESIAN_POINT('Ctrl Pts',(-99.3931587182941,11.,42.5001759910583));
#1107=CARTESIAN_POINT('Ctrl Pts',(-99.3931587182941,11.,41.1177867173928));
#1108=CARTESIAN_POINT('Ctrl Pts',(-99.4249721456439,10.7234999350048,39.6440245976677));
#1109=CARTESIAN_POINT('Ctrl Pts',(-99.5396791368341,9.60056314406294,36.9341863289884));
#1110=CARTESIAN_POINT('Ctrl Pts',(-99.620894410343,8.75418734622887,35.6980141511832));
#1111=CARTESIAN_POINT('Ctrl Pts',(-99.7731873683591,6.80216671339259,33.7459935183469));
#1112=CARTESIAN_POINT('Ctrl Pts',(-99.8541877207715,5.5659924065771,32.8996139097485));
#1113=CARTESIAN_POINT('Ctrl Pts',(-99.9684025143492,2.85614697288278,31.7766742987783));
#1114=CARTESIAN_POINT('Ctrl Pts',(-100.,1.38238237099124,31.5001759910583));
#1115=CARTESIAN_POINT('Ctrl Pts',(-100.,-7.7715611723761E-15,31.5001759910583));
#1116=CARTESIAN_POINT('',(100.,2.77555756156289E-16,31.5003879020608));
#1117=CARTESIAN_POINT('',(99.3931587182941,-11.,42.5003879020608));
#1118=CARTESIAN_POINT('Ctrl Pts',(99.3931587182941,-11.,42.5003879020608));
#1119=CARTESIAN_POINT('Ctrl Pts',(99.3931587182941,-11.,41.1179986283952));
#1120=CARTESIAN_POINT('Ctrl Pts',(99.4249721456439,-10.7234999350048,39.6442365086701));
#1121=CARTESIAN_POINT('Ctrl Pts',(99.5396791368341,-9.60056314406294,36.9343982399909));
#1122=CARTESIAN_POINT('Ctrl Pts',(99.620894410343,-8.75418734622887,35.6982260621856));
#1123=CARTESIAN_POINT('Ctrl Pts',(99.773187368359,-6.80216671339258,33.7462054293493));
#1124=CARTESIAN_POINT('Ctrl Pts',(99.8541877207715,-5.5659924065771,32.8998258207509));
#1125=CARTESIAN_POINT('Ctrl Pts',(99.9684025143492,-2.85614697288278,31.7768862097807));
#1126=CARTESIAN_POINT('Ctrl Pts',(100.,-1.38238237099124,31.5003879020608));
#1127=CARTESIAN_POINT('Ctrl Pts',(100.,3.05311331771918E-15,31.5003879020608));
#1128=CARTESIAN_POINT('',(100.,8.32667268468867E-16,53.5003879020608));
#1129=CARTESIAN_POINT('Ctrl Pts',(100.,8.32667268468867E-16,53.5003879020608));
#1130=CARTESIAN_POINT('Ctrl Pts',(100.,-1.38238237099124,53.5003879020608));
#1131=CARTESIAN_POINT('Ctrl Pts',(99.9684025143492,-2.85614697288278,53.2238895943408));
#1132=CARTESIAN_POINT('Ctrl Pts',(99.8541877207715,-5.5659924065771,52.1009499833707));
#1133=CARTESIAN_POINT('Ctrl Pts',(99.7731873683591,-6.80216671339258,51.2545703747723));
#1134=CARTESIAN_POINT('Ctrl Pts',(99.620894410343,-8.75418734622887,49.302549741936));
#1135=CARTESIAN_POINT('Ctrl Pts',(99.5396791368341,-9.60056314406294,48.0663775641307));
#1136=CARTESIAN_POINT('Ctrl Pts',(99.4249721456439,-10.7234999350048,45.3565392954515));
#1137=CARTESIAN_POINT('Ctrl Pts',(99.3931587182941,-11.,43.8827771757264));
#1138=CARTESIAN_POINT('Ctrl Pts',(99.3931587182941,-11.,42.5003879020608));
#1139=CARTESIAN_POINT('Ctrl Pts',(100.,5.55111512312578E-16,31.5003879020608));
#1140=CARTESIAN_POINT('Ctrl Pts',(100.,1.38238237099124,31.5003879020608));
#1141=CARTESIAN_POINT('Ctrl Pts',(99.9684025143492,2.85614697288278,31.7768862097807));
#1142=CARTESIAN_POINT('Ctrl Pts',(99.8541877207715,5.5659924065771,32.8998258207509));
#1143=CARTESIAN_POINT('Ctrl Pts',(99.7731873683591,6.80216671339258,33.7462054293493));
#1144=CARTESIAN_POINT('Ctrl Pts',(99.620894410343,8.75418734622887,35.6982260621856));
#1145=CARTESIAN_POINT('Ctrl Pts',(99.5396791368341,9.60056314406294,36.9343982399909));
#1146=CARTESIAN_POINT('Ctrl Pts',(99.4249721456439,10.7234999350048,39.6442365086701));
#1147=CARTESIAN_POINT('Ctrl Pts',(99.3931587182941,11.,41.1179986283952));
#1148=CARTESIAN_POINT('Ctrl Pts',(99.3931587182941,11.,43.8827771757264));
#1149=CARTESIAN_POINT('Ctrl Pts',(99.4249721456439,10.7234999350048,45.3565392954515));
#1150=CARTESIAN_POINT('Ctrl Pts',(99.5396791368341,9.60056314406294,48.0663775641307));
#1151=CARTESIAN_POINT('Ctrl Pts',(99.620894410343,8.75418734622887,49.302549741936));
#1152=CARTESIAN_POINT('Ctrl Pts',(99.7731873683591,6.80216671339259,51.2545703747723));
#1153=CARTESIAN_POINT('Ctrl Pts',(99.8541877207715,5.5659924065771,52.1009499833707));
#1154=CARTESIAN_POINT('Ctrl Pts',(99.9684025143492,2.85614697288278,53.2238895943408));
#1155=CARTESIAN_POINT('Ctrl Pts',(100.,1.38238237099124,53.5003879020608));
#1156=CARTESIAN_POINT('Ctrl Pts',(100.,-2.77555756156289E-16,53.5003879020608));
#1157=CARTESIAN_POINT('',(-0.810691044209777,-99.9967138461601,31.5300535448051));
#1158=CARTESIAN_POINT('',(-11.,-99.3931587182941,42.5001392341167));
#1159=CARTESIAN_POINT('Ctrl Pts',(-11.,-99.3931587182941,42.5001392341167));
#1160=CARTESIAN_POINT('Ctrl Pts',(-11.,-99.3931587182941,41.1177499604511));
#1161=CARTESIAN_POINT('Ctrl Pts',(-10.7234999350048,-99.4249721456439,39.643987840726));
#1162=CARTESIAN_POINT('Ctrl Pts',(-9.60056314406294,-99.5396791368341,36.9341495720467));
#1163=CARTESIAN_POINT('Ctrl Pts',(-8.75418734622887,-99.620894410343,35.6979773942415));
#1164=CARTESIAN_POINT('Ctrl Pts',(-6.80216671339258,-99.773187368359,33.7459567614052));
#1165=CARTESIAN_POINT('Ctrl Pts',(-5.5659924065771,-99.8541877207715,32.8995771528068));
#1166=CARTESIAN_POINT('Ctrl Pts',(-3.11812800589927,-99.9573605157041,31.8852005158126));
#1167=CARTESIAN_POINT('Ctrl Pts',(-1.94813601484599,-99.9874923786188,31.6141109056218));
#1168=CARTESIAN_POINT('Ctrl Pts',(-0.810691044209779,-99.9967138461601,
31.5300535448051));
#1169=CARTESIAN_POINT('',(1.11022302462516E-15,-100.,53.5001392341167));
#1170=CARTESIAN_POINT('Ctrl Pts',(5.55111512312578E-16,-100.,53.5001392341167));
#1171=CARTESIAN_POINT('Ctrl Pts',(-1.38238237099124,-100.,53.5001392341167));
#1172=CARTESIAN_POINT('Ctrl Pts',(-2.85614697288278,-99.9684025143492,53.2236409263967));
#1173=CARTESIAN_POINT('Ctrl Pts',(-5.5659924065771,-99.8541877207715,52.1007013154266));
#1174=CARTESIAN_POINT('Ctrl Pts',(-6.80216671339258,-99.7731873683591,51.2543217068281));
#1175=CARTESIAN_POINT('Ctrl Pts',(-8.75418734622887,-99.620894410343,49.3023010739918));
#1176=CARTESIAN_POINT('Ctrl Pts',(-9.60056314406294,-99.5396791368341,48.0661288961866));
#1177=CARTESIAN_POINT('Ctrl Pts',(-10.7234999350048,-99.4249721456439,45.3562906275074));
#1178=CARTESIAN_POINT('Ctrl Pts',(-11.,-99.3931587182941,43.8825285077823));
#1179=CARTESIAN_POINT('Ctrl Pts',(-11.,-99.3931587182941,42.5001392341167));
#1180=CARTESIAN_POINT('Ctrl Pts',(-0.810691044209777,-99.9967138461601,
31.5300535448051));
#1181=CARTESIAN_POINT('Ctrl Pts',(-0.538042454797159,-99.9989242564942,
31.5099047715035));
#1182=CARTESIAN_POINT('Ctrl Pts',(-0.267290493452491,-100.,31.5001392341167));
#1183=CARTESIAN_POINT('Ctrl Pts',(1.38238237099124,-100.,31.5001392341167));
#1184=CARTESIAN_POINT('Ctrl Pts',(2.85614697288278,-99.9684025143492,31.7766375418366));
#1185=CARTESIAN_POINT('Ctrl Pts',(5.5659924065771,-99.8541877207715,32.8995771528068));
#1186=CARTESIAN_POINT('Ctrl Pts',(6.80216671339258,-99.7731873683591,33.7459567614052));
#1187=CARTESIAN_POINT('Ctrl Pts',(8.75418734622887,-99.620894410343,35.6979773942415));
#1188=CARTESIAN_POINT('Ctrl Pts',(9.60056314406294,-99.5396791368341,36.9341495720467));
#1189=CARTESIAN_POINT('Ctrl Pts',(10.7234999350048,-99.4249721456439,39.643987840726));
#1190=CARTESIAN_POINT('Ctrl Pts',(11.,-99.3931587182941,41.1177499604511));
#1191=CARTESIAN_POINT('Ctrl Pts',(11.,-99.3931587182941,43.8825285077823));
#1192=CARTESIAN_POINT('Ctrl Pts',(10.7234999350048,-99.4249721456439,45.3562906275074));
#1193=CARTESIAN_POINT('Ctrl Pts',(9.60056314406294,-99.5396791368341,48.0661288961866));
#1194=CARTESIAN_POINT('Ctrl Pts',(8.75418734622887,-99.620894410343,49.3023010739918));
#1195=CARTESIAN_POINT('Ctrl Pts',(6.80216671339258,-99.7731873683591,51.2543217068281));
#1196=CARTESIAN_POINT('Ctrl Pts',(5.5659924065771,-99.8541877207715,52.1007013154266));
#1197=CARTESIAN_POINT('Ctrl Pts',(2.85614697288278,-99.9684025143492,53.2236409263967));
#1198=CARTESIAN_POINT('Ctrl Pts',(1.38238237099124,-100.,53.5001392341167));
#1199=CARTESIAN_POINT('Ctrl Pts',(5.55111512312578E-16,-100.,53.5001392341167));
#1200=CARTESIAN_POINT('Origin',(0.,-100.,42.5001392341167));
#1201=CARTESIAN_POINT('',(-11.,-100.,42.5001392341167));
#1202=CARTESIAN_POINT('Origin',(-100.,0.,42.5001759910583));
#1203=CARTESIAN_POINT('',(-100.,-11.,42.5001759910583));
#1204=CARTESIAN_POINT('Origin',(100.,0.,42.5003879020608));
#1205=CARTESIAN_POINT('',(100.,-11.,42.5003879020608));
#1206=CARTESIAN_POINT('Origin',(0.,0.,42.4441759910583));
#1207=CARTESIAN_POINT('',(49.7970882682913,-4.5,42.4441759910583));
#1208=CARTESIAN_POINT('',(0.,-4.5,42.4441759910583));
#1209=CARTESIAN_POINT('Ctrl Pts',(49.7970882682913,-4.5,42.4441759910583));
#1210=CARTESIAN_POINT('Ctrl Pts',(49.7970882682913,-4.5,43.0095350023559));
#1211=CARTESIAN_POINT('Ctrl Pts',(49.8077080653345,-4.38695019904126,43.6123680481006));
#1212=CARTESIAN_POINT('Ctrl Pts',(49.8460325856847,-3.92761378588267,44.7209840415061));
#1213=CARTESIAN_POINT('Ctrl Pts',(49.8731803223877,-3.58134391245804,45.2267931092792));
#1214=CARTESIAN_POINT('Ctrl Pts',(49.9241141733486,-2.78261800849154,46.0255190132457));
#1215=CARTESIAN_POINT('Ctrl Pts',(49.9512138591395,-2.27680854875391,46.3717895792243));
#1216=CARTESIAN_POINT('Ctrl Pts',(49.9894284060879,-1.16819125006437,46.8311265157093));
#1217=CARTESIAN_POINT('Ctrl Pts',(50.,-0.565357750985466,46.9441759910583));
#1218=CARTESIAN_POINT('Ctrl Pts',(50.,0.565357750985464,46.9441759910583));
#1219=CARTESIAN_POINT('Ctrl Pts',(49.9894284060879,1.16819125006436,46.8311265157093));
#1220=CARTESIAN_POINT('Ctrl Pts',(49.9512138591395,2.27680854875391,46.3717895792243));
#1221=CARTESIAN_POINT('Ctrl Pts',(49.9241141733486,2.78261800849154,46.0255190132457));
#1222=CARTESIAN_POINT('Ctrl Pts',(49.8731803223877,3.58134391245804,45.2267931092792));
#1223=CARTESIAN_POINT('Ctrl Pts',(49.8460325856847,3.92761378588267,44.7209840415061));
#1224=CARTESIAN_POINT('Ctrl Pts',(49.8077080653345,4.38695019904126,43.6123680481006));
#1225=CARTESIAN_POINT('Ctrl Pts',(49.7970882682913,4.5,43.0095350023559));
#1226=CARTESIAN_POINT('Ctrl Pts',(49.7970882682913,4.5,41.8788169797607));
#1227=CARTESIAN_POINT('Ctrl Pts',(49.8077080653345,4.38695019904126,41.2759839340161));
#1228=CARTESIAN_POINT('Ctrl Pts',(49.8460325856847,3.92761378588267,40.1673679406106));
#1229=CARTESIAN_POINT('Ctrl Pts',(49.8731803223877,3.58134391245804,39.6615588728375));
#1230=CARTESIAN_POINT('Ctrl Pts',(49.9241141733486,2.78261800849154,38.862832968871));
#1231=CARTESIAN_POINT('Ctrl Pts',(49.9512138591395,2.27680854875391,38.5165624028924));
#1232=CARTESIAN_POINT('Ctrl Pts',(49.9894284060879,1.16819125006437,38.0572254664074));
#1233=CARTESIAN_POINT('Ctrl Pts',(50.,0.565357750985466,37.9441759910583));
#1234=CARTESIAN_POINT('Ctrl Pts',(50.,-0.565357750985463,37.9441759910583));
#1235=CARTESIAN_POINT('Ctrl Pts',(49.9894284060879,-1.16819125006436,38.0572254664074));
#1236=CARTESIAN_POINT('Ctrl Pts',(49.9512138591395,-2.2768085487539,38.5165624028924));
#1237=CARTESIAN_POINT('Ctrl Pts',(49.9241141733486,-2.78261800849154,38.862832968871));
#1238=CARTESIAN_POINT('Ctrl Pts',(49.8731803223877,-3.58134391245804,39.6615588728375));
#1239=CARTESIAN_POINT('Ctrl Pts',(49.8460325856847,-3.92761378588267,40.1673679406106));
#1240=CARTESIAN_POINT('Ctrl Pts',(49.8077080653345,-4.38695019904126,41.2759839340161));
#1241=CARTESIAN_POINT('Ctrl Pts',(49.7970882682913,-4.5,41.8788169797607));
#1242=CARTESIAN_POINT('Ctrl Pts',(49.7970882682913,-4.5,42.4441759910583));
#1243=CARTESIAN_POINT('Origin',(0.,0.,42.5001759910583));
#1244=CARTESIAN_POINT('',(-49.7970882682914,-4.5,42.5001759910583));
#1245=CARTESIAN_POINT('',(-50.,-3.47795063210282E-15,47.0001759910583));
#1246=CARTESIAN_POINT('Ctrl Pts',(-50.,-8.32667268468867E-16,47.0001759910583));
#1247=CARTESIAN_POINT('Ctrl Pts',(-50.,-0.565357750985465,47.0001759910583));
#1248=CARTESIAN_POINT('Ctrl Pts',(-49.9894284060879,-1.16819125006436,46.8871265157093));
#1249=CARTESIAN_POINT('Ctrl Pts',(-49.9512138591395,-2.2768085487539,46.4277895792243));
#1250=CARTESIAN_POINT('Ctrl Pts',(-49.9241141733486,-2.78261800849154,46.0815190132457));
#1251=CARTESIAN_POINT('Ctrl Pts',(-49.8731803223877,-3.58134391245804,45.2827931092792));
#1252=CARTESIAN_POINT('Ctrl Pts',(-49.8460325856847,-3.92761378588267,44.7769840415061));
#1253=CARTESIAN_POINT('Ctrl Pts',(-49.8077080653345,-4.38695019904126,43.6683680481006));
#1254=CARTESIAN_POINT('Ctrl Pts',(-49.7970882682914,-4.5,43.0655350023559));
#1255=CARTESIAN_POINT('Ctrl Pts',(-49.7970882682914,-4.5,42.5001759910583));
#1256=CARTESIAN_POINT('',(0.,-4.5,42.5001759910583));
#1257=CARTESIAN_POINT('',(-50.,-2.5065054855558E-15,38.0001759910583));
#1258=CARTESIAN_POINT('Ctrl Pts',(-49.7970882682914,-4.5,42.5001759910583));
#1259=CARTESIAN_POINT('Ctrl Pts',(-49.7970882682914,-4.5,41.9348169797607));
#1260=CARTESIAN_POINT('Ctrl Pts',(-49.8077080653345,-4.38695019904126,41.3319839340161));
#1261=CARTESIAN_POINT('Ctrl Pts',(-49.8460325856847,-3.92761378588267,40.2233679406106));
#1262=CARTESIAN_POINT('Ctrl Pts',(-49.8731803223877,-3.58134391245804,39.7175588728375));
#1263=CARTESIAN_POINT('Ctrl Pts',(-49.9241141733486,-2.78261800849154,38.918832968871));
#1264=CARTESIAN_POINT('Ctrl Pts',(-49.9512138591395,-2.2768085487539,38.5725624028924));
#1265=CARTESIAN_POINT('Ctrl Pts',(-49.9894284060879,-1.16819125006436,38.1132254664074));
#1266=CARTESIAN_POINT('Ctrl Pts',(-50.,-0.565357750985463,38.0001759910583));
#1267=CARTESIAN_POINT('Ctrl Pts',(-50.,1.38777878078145E-15,38.0001759910583));
#1268=CARTESIAN_POINT('Ctrl Pts',(-50.,1.38777878078145E-15,38.0001759910583));
#1269=CARTESIAN_POINT('Ctrl Pts',(-50.,0.565357750985466,38.0001759910583));
#1270=CARTESIAN_POINT('Ctrl Pts',(-49.9894284060879,1.16819125006437,38.1132254664074));
#1271=CARTESIAN_POINT('Ctrl Pts',(-49.9512138591395,2.27680854875391,38.5725624028924));
#1272=CARTESIAN_POINT('Ctrl Pts',(-49.9241141733486,2.78261800849154,38.918832968871));
#1273=CARTESIAN_POINT('Ctrl Pts',(-49.8731803223877,3.58134391245804,39.7175588728375));
#1274=CARTESIAN_POINT('Ctrl Pts',(-49.8460325856847,3.92761378588267,40.2233679406106));
#1275=CARTESIAN_POINT('Ctrl Pts',(-49.8077080653345,4.38695019904126,41.3319839340161));
#1276=CARTESIAN_POINT('Ctrl Pts',(-49.7970882682913,4.5,41.9348169797607));
#1277=CARTESIAN_POINT('Ctrl Pts',(-49.7970882682913,4.5,43.065535002356));
#1278=CARTESIAN_POINT('Ctrl Pts',(-49.8077080653345,4.38695019904126,43.6683680481006));
#1279=CARTESIAN_POINT('Ctrl Pts',(-49.8460325856847,3.92761378588267,44.7769840415061));
#1280=CARTESIAN_POINT('Ctrl Pts',(-49.8731803223877,3.58134391245804,45.2827931092792));
#1281=CARTESIAN_POINT('Ctrl Pts',(-49.9241141733486,2.78261800849154,46.0815190132457));
#1282=CARTESIAN_POINT('Ctrl Pts',(-49.9512138591395,2.2768085487539,46.4277895792243));
#1283=CARTESIAN_POINT('Ctrl Pts',(-49.9894284060879,1.16819125006436,46.8871265157093));
#1284=CARTESIAN_POINT('Ctrl Pts',(-50.,0.565357750985463,47.0001759910583));
#1285=CARTESIAN_POINT('Ctrl Pts',(-50.,-1.2490009027033E-15,47.0001759910583));
#1286=CARTESIAN_POINT('Origin',(0.,0.,35.));
#1287=CARTESIAN_POINT('',(-50.,-6.12323399573677E-15,25.));
#1288=CARTESIAN_POINT('Origin',(0.,0.,25.));
#1289=CARTESIAN_POINT('',(-50.,-6.12323399573677E-15,35.));
#1290=CARTESIAN_POINT('',(-50.,-6.12323399573677E-15,60.));
#1291=CARTESIAN_POINT('',(-50.,-6.12323399573677E-15,35.));
#1292=CARTESIAN_POINT('Origin',(0.,0.,60.));
#1293=CARTESIAN_POINT('Origin',(0.,0.,25.));
#1294=CARTESIAN_POINT('Origin',(0.,0.,60.));
#1295=CARTESIAN_POINT('Origin',(-2.93860554695129,3.,-163.000002279878));
#1296=CARTESIAN_POINT('',(-4.20310554695129,3.,-163.000002279878));
#1297=CARTESIAN_POINT('',(-1.67410554695129,3.,-163.000002279878));
#1298=CARTESIAN_POINT('',(0.,3.,-163.000002279878));
#1299=CARTESIAN_POINT('Origin',(-2.93860554695129,3.,-163.000002279878));
#1300=CARTESIAN_POINT('Origin',(-2.93860554695129,8.,-163.000002279878));
#1301=CARTESIAN_POINT('',(-2.93860554695129,3.,-161.735502279878));
#1302=CARTESIAN_POINT('Origin',(-2.93860554695129,3.,-163.000002279878));
#1303=CARTESIAN_POINT('',(-2.93860554695129,9.55848300931832,-161.735502279878));
#1304=CARTESIAN_POINT('',(-2.93860554695129,8.,-161.735502279878));
#1305=CARTESIAN_POINT('',(-4.20310554695129,9.07380315860925,-163.000002279878));
#1306=CARTESIAN_POINT('Ctrl Pts',(-4.20310554695129,9.07380315860925,-163.000002279878));
#1307=CARTESIAN_POINT('Ctrl Pts',(-4.20310554695129,9.07380315860925,-163.158983565274));
#1308=CARTESIAN_POINT('Ctrl Pts',(-4.17125498095148,9.08875247518198,-163.327234105725));
#1309=CARTESIAN_POINT('Ctrl Pts',(-4.04506034402907,9.14561514424728,-163.634244528644));
#1310=CARTESIAN_POINT('Ctrl Pts',(-3.9508171277503,9.18718472147051,-163.773109425297));
#1311=CARTESIAN_POINT('Ctrl Pts',(-3.73069686550546,9.27884898744719,-163.999022057965));
#1312=CARTESIAN_POINT('Ctrl Pts',(-3.58720524061019,9.33595585339376,-164.098861303098));
#1313=CARTESIAN_POINT('Ctrl Pts',(-3.27220543611661,9.45096739571774,-164.231620671159));
#1314=CARTESIAN_POINT('Ctrl Pts',(-3.10060994715023,9.50867729971032,-164.264502279878));
#1315=CARTESIAN_POINT('Ctrl Pts',(-2.78170088742634,9.60672088371461,-164.264502279878));
#1316=CARTESIAN_POINT('Ctrl Pts',(-2.61251054291434,9.65406525128812,-164.233466212868));
#1317=CARTESIAN_POINT('Ctrl Pts',(-2.29877133918638,9.73354187993231,-164.103806358432));
#1318=CARTESIAN_POINT('Ctrl Pts',(-2.15431091623915,9.76588807671007,-164.005099832004));
#1319=CARTESIAN_POINT('Ctrl Pts',(-1.92980524925475,9.81267193636076,-163.778352109821));
#1320=CARTESIAN_POINT('Ctrl Pts',(-1.83355066300225,9.83068211565999,-163.637126128452));
#1321=CARTESIAN_POINT('Ctrl Pts',(-1.70569522633166,9.85367051618527,-163.327118910762));
#1322=CARTESIAN_POINT('Ctrl Pts',(-1.67410554695129,9.85887268493041,-163.158349714557));
#1323=CARTESIAN_POINT('Ctrl Pts',(-1.67410554695129,9.85887268493041,-162.841654845198));
#1324=CARTESIAN_POINT('Ctrl Pts',(-1.70569522633166,9.85367051618527,-162.672885648994));
#1325=CARTESIAN_POINT('Ctrl Pts',(-1.83355066300225,9.83068211565999,-162.362878431303));
#1326=CARTESIAN_POINT('Ctrl Pts',(-1.92980524925475,9.81267193636076,-162.221652449934));
#1327=CARTESIAN_POINT('Ctrl Pts',(-2.15431091623915,9.76588807671007,-161.994904727751));
#1328=CARTESIAN_POINT('Ctrl Pts',(-2.29877133918638,9.73354187993231,-161.896198201323));
#1329=CARTESIAN_POINT('Ctrl Pts',(-2.61251054291434,9.65406525128812,-161.766538346888));
#1330=CARTESIAN_POINT('Ctrl Pts',(-2.78170088742634,9.60672088371461,-161.735502279878));
#1331=CARTESIAN_POINT('Ctrl Pts',(-2.93860554695129,9.55848300931832,-161.735502279878));
#1332=CARTESIAN_POINT('Ctrl Pts',(-2.93860554695129,9.55848300931832,-161.735502279878));
#1333=CARTESIAN_POINT('Ctrl Pts',(-3.10060994715023,9.50867729971032,-161.735502279878));
#1334=CARTESIAN_POINT('Ctrl Pts',(-3.27220543611659,9.45096739571775,-161.768383888596));
#1335=CARTESIAN_POINT('Ctrl Pts',(-3.58720524061017,9.33595585339377,-161.901143256658));
#1336=CARTESIAN_POINT('Ctrl Pts',(-3.73069686550546,9.27884898744719,-162.000982501791));
#1337=CARTESIAN_POINT('Ctrl Pts',(-3.9508171277503,9.18718472147051,-162.226895134458));
#1338=CARTESIAN_POINT('Ctrl Pts',(-4.04506034402907,9.14561514424728,-162.365760031111));
#1339=CARTESIAN_POINT('Ctrl Pts',(-4.17125498095148,9.08875247518198,-162.672770454031));
#1340=CARTESIAN_POINT('Ctrl Pts',(-4.20310554695129,9.07380315860926,-162.841020994481));
#1341=CARTESIAN_POINT('Ctrl Pts',(-4.20310554695129,9.07380315860926,-163.000002279878));
#1342=CARTESIAN_POINT('Origin',(-2.93860554695129,3.,-163.000002279878));
#1343=CARTESIAN_POINT('Origin',(-2.93860554695129,3.,-163.000002279878));
#1344=CARTESIAN_POINT('',(0.,3.,-163.000002279878));
#1345=CARTESIAN_POINT('Origin',(0.,0.,-163.000002279878));
#1346=CARTESIAN_POINT('',(0.,3.,-163.000002279878));
#1347=CARTESIAN_POINT('Origin',(0.,0.,-163.000002279878));
#1348=CARTESIAN_POINT('',(0.,3.,-163.000002279878));
#1349=CARTESIAN_POINT('',(-9.53939201416946,3.,-163.000002279878));
#1350=CARTESIAN_POINT('',(0.,3.,-163.000002279878));
#1351=CARTESIAN_POINT('',(-10.,0.,-160.000002279878));
#1352=CARTESIAN_POINT('Ctrl Pts',(-10.,-5.89805981759781E-16,-160.000002279878));
#1353=CARTESIAN_POINT('Ctrl Pts',(-10.,-0.0174494166718956,-160.000002279878));
#1354=CARTESIAN_POINT('Ctrl Pts',(-9.99995432477663,-0.034898306959524,
-160.000154520078));
#1355=CARTESIAN_POINT('Ctrl Pts',(-9.99976443530515,-0.0711744542158533,
-160.000787572683));
#1356=CARTESIAN_POINT('Ctrl Pts',(-9.99961270237214,-0.0900000469892466,
-160.00129345405));
#1357=CARTESIAN_POINT('Ctrl Pts',(-9.99887786140009,-0.157524605672948,
-160.00374439185));
#1358=CARTESIAN_POINT('Ctrl Pts',(-9.99799238706959,-0.206171595685339,
-160.006698527034));
#1359=CARTESIAN_POINT('Ctrl Pts',(-9.99363142102005,-0.377322167939969,
-160.021283029993));
#1360=CARTESIAN_POINT('Ctrl Pts',(-9.98826600803409,-0.499048224336551,
-160.03925146553));
#1361=CARTESIAN_POINT('Ctrl Pts',(-9.95885458613398,-0.97307980976807,-160.139255121637));
#1362=CARTESIAN_POINT('Ctrl Pts',(-9.91872428744044,-1.3088101322251,-160.276803159751));
#1363=CARTESIAN_POINT('Ctrl Pts',(-9.82102444326316,-1.9071456398171,-160.657858474641));
#1364=CARTESIAN_POINT('Ctrl Pts',(-9.76479114399221,-2.16724363170369,-160.896314401366));
#1365=CARTESIAN_POINT('Ctrl Pts',(-9.66762327304351,-2.56373850808816,-161.413140637842));
#1366=CARTESIAN_POINT('Ctrl Pts',(-9.62622932180034,-2.71065001181242,-161.679267847958));
#1367=CARTESIAN_POINT('Ctrl Pts',(-9.57567689076087,-2.88294447553894,-162.147423552913));
#1368=CARTESIAN_POINT('Ctrl Pts',(-9.56041189044397,-2.93249994955552,-162.337427222255));
#1369=CARTESIAN_POINT('Ctrl Pts',(-9.5466917815884,-2.97672256986051,-162.617058702208));
#1370=CARTESIAN_POINT('Ctrl Pts',(-9.54361212902571,-2.9865545585879,-162.703305561191));
#1371=CARTESIAN_POINT('Ctrl Pts',(-9.54074969957946,-2.99568111879562,-162.833306976201));
#1372=CARTESIAN_POINT('Ctrl Pts',(-9.54008880246687,-2.99778369979663,-162.876769330033));
#1373=CARTESIAN_POINT('Ctrl Pts',(-9.5394537624027,-2.99980378265293,-162.952748027581));
#1374=CARTESIAN_POINT('Ctrl Pts',(-9.53934810145816,-3.00013963670488,-162.985239857928));
#1375=CARTESIAN_POINT('Ctrl Pts',(-9.53947289642689,-2.99974280638012,-163.052385744129));
#1376=CARTESIAN_POINT('Ctrl Pts',(-9.5397261742561,-2.99893759348035,-163.087031306024));
#1377=CARTESIAN_POINT('Ctrl Pts',(-9.54086081793255,-2.99532639288846,-163.176011923654));
#1378=CARTESIAN_POINT('Ctrl Pts',(-9.54201774202967,-2.9916427923449,-163.230286614882));
#1379=CARTESIAN_POINT('Ctrl Pts',(-9.54842413994873,-2.97117047804146,-163.445249925129));
#1380=CARTESIAN_POINT('Ctrl Pts',(-9.55725058970188,-2.94292066183481,-163.604309380249));
#1381=CARTESIAN_POINT('Ctrl Pts',(-9.59590486482947,-2.81545809717347,-164.090903489636));
#1382=CARTESIAN_POINT('Ctrl Pts',(-9.6380326083194,-2.67338623126339,-164.402921461749));
#1383=CARTESIAN_POINT('Ctrl Pts',(-9.74040034897436,-2.27400678473738,-164.991840711201));
#1384=CARTESIAN_POINT('Ctrl Pts',(-9.80093399007109,-2.00958245323769,-165.258357178388));
#1385=CARTESIAN_POINT('Ctrl Pts',(-9.89488970454272,-1.46597200021451,-165.633233325409));
#1386=CARTESIAN_POINT('Ctrl Pts',(-9.93088170105202,-1.20588968102116,-165.762216387558));
#1387=CARTESIAN_POINT('Ctrl Pts',(-9.97173394970451,-0.768691095883248,
-165.904831156739));
#1388=CARTESIAN_POINT('Ctrl Pts',(-9.98325384218078,-0.60264354255104,-165.943794399396));
#1389=CARTESIAN_POINT('Ctrl Pts',(-9.99314737560957,-0.374831032257537,
-165.977091860673));
#1390=CARTESIAN_POINT('Ctrl Pts',(-9.99519802028279,-0.315527840869233,
-165.983960575499));
#1391=CARTESIAN_POINT('Ctrl Pts',(-9.99801015251122,-0.205731522803858,
-165.993365592132));
#1392=CARTESIAN_POINT('Ctrl Pts',(-9.99892114497835,-0.155318575473917,
-165.996404605808));
#1393=CARTESIAN_POINT('Ctrl Pts',(-9.9998166513755,-0.0699103653341735,
-165.999391287548));
#1394=CARTESIAN_POINT('Ctrl Pts',(-10.,-0.0349572978908537,-166.000002279878));
#1395=CARTESIAN_POINT('Ctrl Pts',(-10.,1.51596464942229E-15,-166.000002279878));
#1396=CARTESIAN_POINT('Ctrl Pts',(-10.,0.379164265292004,-166.000002279878));
#1397=CARTESIAN_POINT('Ctrl Pts',(-9.97630133387832,0.78203771748188,-165.923750526388));
#1398=CARTESIAN_POINT('Ctrl Pts',(-9.8907119499008,1.52052241900623,-165.616851186911));
#1399=CARTESIAN_POINT('Ctrl Pts',(-9.82993562614982,1.85631434471708,-165.38632862228));
#1400=CARTESIAN_POINT('Ctrl Pts',(-9.71486751729016,2.38640531261462,-164.856237654382));
#1401=CARTESIAN_POINT('Ctrl Pts',(-9.65284956103208,2.61686672615764,-164.520477817594));
#1402=CARTESIAN_POINT('Ctrl Pts',(-9.56437939057488,2.92372091609922,-163.782109765306));
#1403=CARTESIAN_POINT('Ctrl Pts',(-9.53939201416946,3.,-163.379279533867));
#1404=CARTESIAN_POINT('Ctrl Pts',(-9.53939201416946,3.,-163.000002279878));
#1405=CARTESIAN_POINT('Ctrl Pts',(-9.53939201416946,3.,-163.000002279878));
#1406=CARTESIAN_POINT('Ctrl Pts',(-9.53939201416946,3.,-162.620725025888));
#1407=CARTESIAN_POINT('Ctrl Pts',(-9.56437939057488,2.92372091609921,-162.217894794449));
#1408=CARTESIAN_POINT('Ctrl Pts',(-9.65284956103209,2.61686672615762,-161.479526742161));
#1409=CARTESIAN_POINT('Ctrl Pts',(-9.71486751729016,2.38640531261462,-161.143766905373));
#1410=CARTESIAN_POINT('Ctrl Pts',(-9.82993562614982,1.85631434471708,-160.613675937475));
#1411=CARTESIAN_POINT('Ctrl Pts',(-9.8907119499008,1.52052241900622,-160.383153372845));
#1412=CARTESIAN_POINT('Ctrl Pts',(-9.97630133387832,0.782037717481858,-160.076254033367));
#1413=CARTESIAN_POINT('Ctrl Pts',(-10.,0.379164265292003,-160.000002279878));
#1414=CARTESIAN_POINT('Ctrl Pts',(-10.,2.77555756156289E-16,-160.000002279878));
#1415=CARTESIAN_POINT('Origin',(0.,10.,-175.));
#1416=CARTESIAN_POINT('',(0.,10.,-175.));
#1417=CARTESIAN_POINT('',(0.,-10.,-175.));
#1418=CARTESIAN_POINT('',(0.,5.,-175.));
#1419=CARTESIAN_POINT('',(0.,10.,-125.));
#1420=CARTESIAN_POINT('',(0.,10.,60.));
#1421=CARTESIAN_POINT('',(0.,-10.,-125.));
#1422=CARTESIAN_POINT('',(0.,11.1749123532813,-125.));
#1423=CARTESIAN_POINT('',(0.,-10.,60.));
#1424=CARTESIAN_POINT('',(1.29392004449726E-15,-1.5,-172.886352539063));
#1425=CARTESIAN_POINT('Origin',(1.11022302462516E-15,-1.22464679914735E-15,
-172.886352539063));
#1426=CARTESIAN_POINT('',(1.22830045042701E-15,-0.964175351489693,-151.737209580442));
#1427=CARTESIAN_POINT('Origin',(1.11022228211688E-15,6.06304011441239E-6,
-152.886276245121));
#1428=CARTESIAN_POINT('Origin',(5.,0.,-125.));
#1429=CARTESIAN_POINT('',(10.,1.22464679914735E-15,-125.));
#1430=CARTESIAN_POINT('Origin',(0.,0.,-125.));
#1431=CARTESIAN_POINT('Origin',(0.,0.,-125.));
#1432=CARTESIAN_POINT('Origin',(0.,0.,60.));
#1433=CARTESIAN_POINT('',(10.,1.22464679914735E-15,25.));
#1434=CARTESIAN_POINT('Origin',(0.,0.,25.));
#1435=CARTESIAN_POINT('',(10.,1.22464679914735E-15,60.));
#1436=CARTESIAN_POINT('Origin',(0.,0.,-175.));
#1437=CARTESIAN_POINT('',(-9.88686088650405,-1.49999393695988,-152.886276245121));
#1438=CARTESIAN_POINT('',(-9.95340976206545,-0.964175351489685,-151.737209580442));
#1439=CARTESIAN_POINT('Ctrl Pts',(-9.95340976206545,-0.964175351489676,
-151.737209580442));
#1440=CARTESIAN_POINT('Ctrl Pts',(-9.96446498458156,-0.850049679698037,
-151.641446771334));
#1441=CARTESIAN_POINT('Ctrl Pts',(-9.97529055231411,-0.71690198438715,-151.559688619217));
#1442=CARTESIAN_POINT('Ctrl Pts',(-9.99411825261363,-0.389670824316847,
-151.424035782197));
#1443=CARTESIAN_POINT('Ctrl Pts',(-10.0000001143761,-0.188641785112088,
-151.386276245121));
#1444=CARTESIAN_POINT('Ctrl Pts',(-9.99999988562021,0.188653924613357,-151.386276245121));
#1445=CARTESIAN_POINT('Ctrl Pts',(-9.99411777931611,0.389682970024727,-151.424035787003));
#1446=CARTESIAN_POINT('Ctrl Pts',(-9.97285842491256,0.759169178759472,-151.57720535259));
#1447=CARTESIAN_POINT('Ctrl Pts',(-9.9577788856882,0.927649896196171,-151.692599732332));
#1448=CARTESIAN_POINT('Ctrl Pts',(-9.92940137322045,1.19368490757232,-151.958634748479));
#1449=CARTESIAN_POINT('Ctrl Pts',(-9.91424712773134,1.30907746389204,-152.127114463259));
#1450=CARTESIAN_POINT('Ctrl Pts',(-9.89281645891724,1.46224569923062,-152.496597247777));
#1451=CARTESIAN_POINT('Ctrl Pts',(-9.88685904677734,1.50000606304011,-152.697625100191));
#1452=CARTESIAN_POINT('Ctrl Pts',(-9.88685904677734,1.50000606304011,-153.074927390051));
#1453=CARTESIAN_POINT('Ctrl Pts',(-9.89281645891724,1.46224569923062,-153.275955242465));
#1454=CARTESIAN_POINT('Ctrl Pts',(-9.91424712773133,1.30907746389204,-153.645438026983));
#1455=CARTESIAN_POINT('Ctrl Pts',(-9.92940137322045,1.19368490757232,-153.813917741763));
#1456=CARTESIAN_POINT('Ctrl Pts',(-9.9577788856882,0.927649896196171,-154.07995275791));
#1457=CARTESIAN_POINT('Ctrl Pts',(-9.97285842491256,0.759169178759471,-154.195347137652));
#1458=CARTESIAN_POINT('Ctrl Pts',(-9.99411777931611,0.389682970024726,-154.348516703239));
#1459=CARTESIAN_POINT('Ctrl Pts',(-9.99999988562021,0.188653924613357,-154.386276245121));
#1460=CARTESIAN_POINT('Ctrl Pts',(-10.0000001143761,-0.188641785112091,
-154.386276245121));
#1461=CARTESIAN_POINT('Ctrl Pts',(-9.99411825261363,-0.389670824316863,
-154.348516708045));
#1462=CARTESIAN_POINT('Ctrl Pts',(-9.97285934946474,-0.75915702967193,-154.19534715052));
#1463=CARTESIAN_POINT('Ctrl Pts',(-9.95778001703685,-0.927637749472247,
-154.079952773783));
#1464=CARTESIAN_POINT('Ctrl Pts',(-9.92940283195643,-1.19367277251951,-153.813917755506));
#1465=CARTESIAN_POINT('Ctrl Pts',(-9.91424872925754,-1.30906533408639,-153.645438034569));
#1466=CARTESIAN_POINT('Ctrl Pts',(-9.89281825106964,-1.46223357379646,-153.275955242307));
#1467=CARTESIAN_POINT('Ctrl Pts',(-9.88686088650405,-1.49999393695989,-153.074927388579));
#1468=CARTESIAN_POINT('Ctrl Pts',(-9.88686088650405,-1.49999393695989,-152.886276245121));
#1469=CARTESIAN_POINT('Ctrl Pts',(-9.88686088650405,-1.49999393695988,-152.886276245121));
#1470=CARTESIAN_POINT('Ctrl Pts',(-9.88686088650405,-1.49999393695988,-152.697625101663));
#1471=CARTESIAN_POINT('Ctrl Pts',(-9.89281825106964,-1.46223357379646,-152.496597247935));
#1472=CARTESIAN_POINT('Ctrl Pts',(-9.91424872925755,-1.30906533408637,-152.127114455672));
#1473=CARTESIAN_POINT('Ctrl Pts',(-9.92940283195643,-1.19367277251952,-151.958634734735));
#1474=CARTESIAN_POINT('Ctrl Pts',(-9.94683678126,-1.03023016566346,-151.79519213081));
#1475=CARTESIAN_POINT('Ctrl Pts',(-9.95013131939033,-0.998019489152504,
-151.765608183873));
#1476=CARTESIAN_POINT('Ctrl Pts',(-9.95340976206545,-0.964175351489681,
-151.737209580442));
#1477=CARTESIAN_POINT('',(-9.88685996664259,-1.5,-172.886352539062));
#1478=CARTESIAN_POINT('Ctrl Pts',(-9.88685996664259,-1.5,-172.886352539063));
#1479=CARTESIAN_POINT('Ctrl Pts',(-9.88685996664259,-1.5,-173.075003683256));
#1480=CARTESIAN_POINT('Ctrl Pts',(-9.89281735499534,-1.46223963651354,-173.276031536327));
#1481=CARTESIAN_POINT('Ctrl Pts',(-9.91424792849633,-1.30907139898919,-173.645514324718));
#1482=CARTESIAN_POINT('Ctrl Pts',(-9.92940210259032,-1.1936788400459,-173.813994042576));
#1483=CARTESIAN_POINT('Ctrl Pts',(-9.9577794513644,-0.92764382283418,-174.080029059788));
#1484=CARTESIAN_POINT('Ctrl Pts',(-9.97285888719051,-0.75916310421567,-174.195423438027));
#1485=CARTESIAN_POINT('Ctrl Pts',(-9.99411801596672,-0.389676897170785,
-174.348592999583));
#1486=CARTESIAN_POINT('Ctrl Pts',(-10.,-0.188647854862721,-174.386352539063));
#1487=CARTESIAN_POINT('Ctrl Pts',(-10.,0.188647854862717,-174.386352539063));
#1488=CARTESIAN_POINT('Ctrl Pts',(-9.99411801596672,0.38967689717078,-174.348592999583));
#1489=CARTESIAN_POINT('Ctrl Pts',(-9.97285888719051,0.759163104215665,-174.195423438027));
#1490=CARTESIAN_POINT('Ctrl Pts',(-9.9577794513644,0.927643822834176,-174.080029059788));
#1491=CARTESIAN_POINT('Ctrl Pts',(-9.92940210259032,1.1936788400459,-173.813994042576));
#1492=CARTESIAN_POINT('Ctrl Pts',(-9.91424792849633,1.30907139898918,-173.645514324718));
#1493=CARTESIAN_POINT('Ctrl Pts',(-9.89281735499534,1.46223963651353,-173.276031536327));
#1494=CARTESIAN_POINT('Ctrl Pts',(-9.88685996664259,1.5,-173.075003683256));
#1495=CARTESIAN_POINT('Ctrl Pts',(-9.88685996664259,1.5,-172.697701394869));
#1496=CARTESIAN_POINT('Ctrl Pts',(-9.89281735499534,1.46223963651352,-172.496673541798));
#1497=CARTESIAN_POINT('Ctrl Pts',(-9.91424792849634,1.30907139898917,-172.127190753407));
#1498=CARTESIAN_POINT('Ctrl Pts',(-9.92940210259032,1.1936788400459,-171.958711035549));
#1499=CARTESIAN_POINT('Ctrl Pts',(-9.9577794513644,0.927643822834176,-171.692676018337));
#1500=CARTESIAN_POINT('Ctrl Pts',(-9.97285888719051,0.759163104215665,-171.577281640098));
#1501=CARTESIAN_POINT('Ctrl Pts',(-9.99411801596672,0.38967689717078,-171.424112078542));
#1502=CARTESIAN_POINT('Ctrl Pts',(-10.,0.188647854862717,-171.386352539063));
#1503=CARTESIAN_POINT('Ctrl Pts',(-10.,-0.188647854862721,-171.386352539063));
#1504=CARTESIAN_POINT('Ctrl Pts',(-9.99411801596672,-0.389676897170785,
-171.424112078542));
#1505=CARTESIAN_POINT('Ctrl Pts',(-9.97285888719051,-0.75916310421567,-171.577281640098));
#1506=CARTESIAN_POINT('Ctrl Pts',(-9.9577794513644,-0.92764382283418,-171.692676018337));
#1507=CARTESIAN_POINT('Ctrl Pts',(-9.92940210259032,-1.1936788400459,-171.958711035549));
#1508=CARTESIAN_POINT('Ctrl Pts',(-9.91424792849633,-1.30907139898917,-172.127190753407));
#1509=CARTESIAN_POINT('Ctrl Pts',(-9.89281735499534,-1.46223963651353,-172.496673541798));
#1510=CARTESIAN_POINT('Ctrl Pts',(-9.88685996664259,-1.5,-172.697701394869));
#1511=CARTESIAN_POINT('Ctrl Pts',(-9.88685996664259,-1.5,-172.886352539063));
#1512=CARTESIAN_POINT('Origin',(-5.,-1.83697019872103E-15,-172.886352539063));
#1513=CARTESIAN_POINT('',(-5.,-1.5,-172.886352539063));
#1514=CARTESIAN_POINT('Origin',(-5.,6.06304011441239E-6,-152.886276245121));
#1515=CARTESIAN_POINT('',(-5.,-0.964175351489695,-151.737209580442));
#1516=CARTESIAN_POINT('Origin',(2.,4.28798901577131E-16,42.4996943740644));
#1517=CARTESIAN_POINT('',(-20.,4.5,42.4996943740644));
#1518=CARTESIAN_POINT('Origin',(-20.,4.28798901577131E-16,42.4996943740644));
#1519=CARTESIAN_POINT('',(20.,4.5,42.4996943740644));
#1520=CARTESIAN_POINT('',(2.,4.5,42.4996943740644));
#1521=CARTESIAN_POINT('Origin',(20.,4.28798901577131E-16,42.4996943740644));
#1522=CARTESIAN_POINT('Origin',(-3.89817183251938E-16,0.,253.243666695799));
#1523=CARTESIAN_POINT('',(-2.5175,3.08304831685346E-16,254.));
#1524=CARTESIAN_POINT('Origin',(-3.89817183251938E-16,0.,254.));
#1525=CARTESIAN_POINT('',(-3.89817183251938E-16,0.,252.487333391598));
#1526=CARTESIAN_POINT('',(-1.25875,1.54152415842673E-16,253.243666695799));
#1527=CARTESIAN_POINT('Origin',(-3.89817183251938E-16,0.,257.));
#1528=CARTESIAN_POINT('',(-2.5175,3.08304831685346E-16,260.));
#1529=CARTESIAN_POINT('Origin',(-3.89817183251938E-16,0.,260.));
#1530=CARTESIAN_POINT('',(-2.5175,3.08304831685346E-16,257.));
#1531=CARTESIAN_POINT('Origin',(-30.,0.,42.4996943740644));
#1532=CARTESIAN_POINT('',(-30.,-1.11022302462516E-15,53.4996943740644));
#1533=CARTESIAN_POINT('',(-27.9105714739057,-11.,42.4996943740644));
#1534=CARTESIAN_POINT('Ctrl Pts',(-27.9105714739057,-11.,42.4996943740644));
#1535=CARTESIAN_POINT('Ctrl Pts',(-27.9105714739057,-11.,43.8955760951128));
#1536=CARTESIAN_POINT('Ctrl Pts',(-28.0263289509616,-10.7183535745656,45.3744389561452));
#1537=CARTESIAN_POINT('Ctrl Pts',(-28.4315232146833,-9.59201148474588,48.080070793931));
#1538=CARTESIAN_POINT('Ctrl Pts',(-28.7138024594861,-8.74789548870481,49.3081480714636));
#1539=CARTESIAN_POINT('Ctrl Pts',(-29.2342692713233,-6.80912810736195,51.2469154528065));
#1540=CARTESIAN_POINT('Ctrl Pts',(-29.5080220192024,-5.58078844355775,52.0915470691521));
#1541=CARTESIAN_POINT('Ctrl Pts',(-29.8932728921573,-2.87416057188102,53.2182783347045));
#1542=CARTESIAN_POINT('Ctrl Pts',(-30.,-1.39491092982012,53.4996943740644));
#1543=CARTESIAN_POINT('Ctrl Pts',(-30.,-1.94289029309402E-15,53.4996943740644));
#1544=CARTESIAN_POINT('',(-30.,1.11022302462516E-15,31.4996943740644));
#1545=CARTESIAN_POINT('Ctrl Pts',(-30.,-1.11022302462516E-15,53.4996943740644));
#1546=CARTESIAN_POINT('Ctrl Pts',(-30.,1.39491092982012,53.4996943740644));
#1547=CARTESIAN_POINT('Ctrl Pts',(-29.8932728921573,2.87416057188101,53.2182783347045));
#1548=CARTESIAN_POINT('Ctrl Pts',(-29.5080220192024,5.58078844355775,52.0915470691521));
#1549=CARTESIAN_POINT('Ctrl Pts',(-29.2342692713233,6.80912810736195,51.2469154528065));
#1550=CARTESIAN_POINT('Ctrl Pts',(-28.7138024594861,8.74789548870481,49.3081480714636));
#1551=CARTESIAN_POINT('Ctrl Pts',(-28.4315232146833,9.59201148474588,48.080070793931));
#1552=CARTESIAN_POINT('Ctrl Pts',(-28.0263289509616,10.7183535745656,45.3744389561453));
#1553=CARTESIAN_POINT('Ctrl Pts',(-27.9105714739057,11.,43.8955760951129));
#1554=CARTESIAN_POINT('Ctrl Pts',(-27.9105714739057,11.,42.4996943740644));
#1555=CARTESIAN_POINT('Ctrl Pts',(-27.9105714739057,11.,41.1038126530159));
#1556=CARTESIAN_POINT('Ctrl Pts',(-28.0263289509616,10.7183535745656,39.6249497919835));
#1557=CARTESIAN_POINT('Ctrl Pts',(-28.4315232146833,9.59201148474588,36.9193179541977));
#1558=CARTESIAN_POINT('Ctrl Pts',(-28.7138024594861,8.74789548870481,35.6912406766651));
#1559=CARTESIAN_POINT('Ctrl Pts',(-29.2342692713233,6.80912810736195,33.7524732953223));
#1560=CARTESIAN_POINT('Ctrl Pts',(-29.5080220192024,5.58078844355775,32.9078416789767));
#1561=CARTESIAN_POINT('Ctrl Pts',(-29.8932728921573,2.87416057188102,31.7811104134243));
#1562=CARTESIAN_POINT('Ctrl Pts',(-30.,1.39491092982012,31.4996943740644));
#1563=CARTESIAN_POINT('Ctrl Pts',(-30.,1.66533453693773E-15,31.4996943740644));
#1564=CARTESIAN_POINT('Ctrl Pts',(-30.,8.32667268468867E-16,31.4996943740644));
#1565=CARTESIAN_POINT('Ctrl Pts',(-30.,-1.39491092982012,31.4996943740644));
#1566=CARTESIAN_POINT('Ctrl Pts',(-29.8932728921573,-2.87416057188101,31.7811104134243));
#1567=CARTESIAN_POINT('Ctrl Pts',(-29.5080220192024,-5.58078844355775,32.9078416789767));
#1568=CARTESIAN_POINT('Ctrl Pts',(-29.2342692713233,-6.80912810736195,33.7524732953223));
#1569=CARTESIAN_POINT('Ctrl Pts',(-28.7138024594861,-8.74789548870481,35.6912406766651));
#1570=CARTESIAN_POINT('Ctrl Pts',(-28.4315232146833,-9.59201148474588,36.9193179541977));
#1571=CARTESIAN_POINT('Ctrl Pts',(-28.0263289509616,-10.7183535745656,39.6249497919835));
#1572=CARTESIAN_POINT('Ctrl Pts',(-27.9105714739057,-11.,41.1038126530159));
#1573=CARTESIAN_POINT('Ctrl Pts',(-27.9105714739057,-11.,42.4996943740644));
#1574=CARTESIAN_POINT('',(-20.,-11.,42.4996943740644));
#1575=CARTESIAN_POINT('',(-30.,-11.,42.4996943740644));
#1576=CARTESIAN_POINT('Origin',(-20.,0.,42.4996943740644));
#1577=CARTESIAN_POINT('Origin',(-20.,0.,42.1296943740644));
#1578=CARTESIAN_POINT('Origin',(30.,0.,42.5000555845595));
#1579=CARTESIAN_POINT('',(30.,8.32667268468867E-16,53.5000555845595));
#1580=CARTESIAN_POINT('',(30.,-5.55111512312578E-16,31.5000555845595));
#1581=CARTESIAN_POINT('Ctrl Pts',(30.,0.,31.5000555845595));
#1582=CARTESIAN_POINT('Ctrl Pts',(30.,1.39491092982012,31.5000555845595));
#1583=CARTESIAN_POINT('Ctrl Pts',(29.8932728921573,2.87416057188102,31.7814716239194));
#1584=CARTESIAN_POINT('Ctrl Pts',(29.5080220192024,5.58078844355775,32.9082028894718));
#1585=CARTESIAN_POINT('Ctrl Pts',(29.2342692713233,6.80912810736195,33.7528345058174));
#1586=CARTESIAN_POINT('Ctrl Pts',(28.7138024594861,8.74789548870481,35.6916018871603));
#1587=CARTESIAN_POINT('Ctrl Pts',(28.4315232146833,9.59201148474588,36.9196791646929));
#1588=CARTESIAN_POINT('Ctrl Pts',(28.0263289509616,10.7183535745656,39.6253110024786));
#1589=CARTESIAN_POINT('Ctrl Pts',(27.9105714739057,11.,41.104173863511));
#1590=CARTESIAN_POINT('Ctrl Pts',(27.9105714739057,11.,43.895937305608));
#1591=CARTESIAN_POINT('Ctrl Pts',(28.0263289509616,10.7183535745656,45.3748001666404));
#1592=CARTESIAN_POINT('Ctrl Pts',(28.4315232146833,9.59201148474588,48.0804320044262));
#1593=CARTESIAN_POINT('Ctrl Pts',(28.7138024594861,8.74789548870481,49.3085092819587));
#1594=CARTESIAN_POINT('Ctrl Pts',(29.2342692713233,6.80912810736195,51.2472766633016));
#1595=CARTESIAN_POINT('Ctrl Pts',(29.5080220192024,5.58078844355775,52.0919082796472));
#1596=CARTESIAN_POINT('Ctrl Pts',(29.8932728921573,2.87416057188102,53.2186395451996));
#1597=CARTESIAN_POINT('Ctrl Pts',(30.,1.39491092982012,53.5000555845595));
#1598=CARTESIAN_POINT('Ctrl Pts',(30.,-2.77555756156289E-16,53.5000555845595));
#1599=CARTESIAN_POINT('',(27.9105714739057,-11.,42.5000555845595));
#1600=CARTESIAN_POINT('Ctrl Pts',(30.,1.11022302462516E-15,53.5000555845595));
#1601=CARTESIAN_POINT('Ctrl Pts',(30.,-1.39491092982012,53.5000555845595));
#1602=CARTESIAN_POINT('Ctrl Pts',(29.8932728921573,-2.87416057188102,53.2186395451996));
#1603=CARTESIAN_POINT('Ctrl Pts',(29.5080220192024,-5.58078844355775,52.0919082796472));
#1604=CARTESIAN_POINT('Ctrl Pts',(29.2342692713233,-6.80912810736195,51.2472766633016));
#1605=CARTESIAN_POINT('Ctrl Pts',(28.7138024594861,-8.74789548870481,49.3085092819587));
#1606=CARTESIAN_POINT('Ctrl Pts',(28.4315232146833,-9.59201148474588,48.0804320044261));
#1607=CARTESIAN_POINT('Ctrl Pts',(28.0263289509616,-10.7183535745656,45.3748001666404));
#1608=CARTESIAN_POINT('Ctrl Pts',(27.9105714739057,-11.,43.895937305608));
#1609=CARTESIAN_POINT('Ctrl Pts',(27.9105714739057,-11.,42.5000555845595));
#1610=CARTESIAN_POINT('',(20.,-11.,42.5000555845595));
#1611=CARTESIAN_POINT('',(30.,-11.,42.5000555845595));
#1612=CARTESIAN_POINT('Origin',(20.,0.,42.5000555845595));
#1613=CARTESIAN_POINT('Ctrl Pts',(27.9105714739057,-11.,42.5000555845595));
#1614=CARTESIAN_POINT('Ctrl Pts',(27.9105714739057,-11.,41.104173863511));
#1615=CARTESIAN_POINT('Ctrl Pts',(28.0263289509616,-10.7183535745656,39.6253110024786));
#1616=CARTESIAN_POINT('Ctrl Pts',(28.4315232146833,-9.59201148474588,36.9196791646929));
#1617=CARTESIAN_POINT('Ctrl Pts',(28.7138024594861,-8.74789548870481,35.6916018871603));
#1618=CARTESIAN_POINT('Ctrl Pts',(29.2342692713233,-6.80912810736195,33.7528345058174));
#1619=CARTESIAN_POINT('Ctrl Pts',(29.5080220192024,-5.58078844355774,32.9082028894718));
#1620=CARTESIAN_POINT('Ctrl Pts',(29.8932728921573,-2.87416057188101,31.7814716239194));
#1621=CARTESIAN_POINT('Ctrl Pts',(30.,-1.39491092982012,31.5000555845595));
#1622=CARTESIAN_POINT('Ctrl Pts',(30.,-3.88578058618805E-15,31.5000555845595));
#1623=CARTESIAN_POINT('Origin',(20.,0.,42.2700555845595));
#1624=CARTESIAN_POINT('Origin',(0.,0.,60.));
#1625=CARTESIAN_POINT('',(10.,1.22464679914735E-15,260.));
#1626=CARTESIAN_POINT('Origin',(0.,0.,260.));
#1627=CARTESIAN_POINT('',(10.,-1.22464679914735E-15,60.));
#1628=CARTESIAN_POINT('',(10.,1.22464679914735E-15,60.));
#1629=CARTESIAN_POINT('Origin',(0.,0.,60.));
#1630=CARTESIAN_POINT('Origin',(0.,0.,-175.));
#1631=CARTESIAN_POINT('Origin',(0.,0.,260.));
#1632=CARTESIAN_POINT('Origin',(0.,0.,60.));
#1633=CARTESIAN_POINT('',(-30.,-3.67394039744206E-15,60.));
#1634=CARTESIAN_POINT('Origin',(0.,0.,60.));
#1635=CARTESIAN_POINT('Origin',(0.,0.,25.));
#1636=CARTESIAN_POINT('',(-30.,-3.67394039744206E-15,25.));
#1637=CARTESIAN_POINT('Origin',(0.,0.,25.));
#1638=CARTESIAN_POINT('Origin',(0.,0.,35.));
#1639=CARTESIAN_POINT('',(-30.,-3.67394039744206E-15,35.));
#1640=CARTESIAN_POINT('',(-30.,-3.67394039744206E-15,35.));
#1641=UNCERTAINTY_MEASURE_WITH_UNIT(LENGTH_MEASURE(0.01),#1645,
'DISTANCE_ACCURACY_VALUE',
'Maximum model space distance between geometric entities at asserted c
onnectivities');
#1642=UNCERTAINTY_MEASURE_WITH_UNIT(LENGTH_MEASURE(0.01),#1645,
'DISTANCE_ACCURACY_VALUE',
'Maximum model space distance between geometric entities at asserted c
onnectivities');
#1643=(
GEOMETRIC_REPRESENTATION_CONTEXT(3)
GLOBAL_UNCERTAINTY_ASSIGNED_CONTEXT((#1641))
GLOBAL_UNIT_ASSIGNED_CONTEXT((#1645,#1647,#1648))
REPRESENTATION_CONTEXT('','3D')
);
#1644=(
GEOMETRIC_REPRESENTATION_CONTEXT(3)
GLOBAL_UNCERTAINTY_ASSIGNED_CONTEXT((#1642))
GLOBAL_UNIT_ASSIGNED_CONTEXT((#1645,#1647,#1648))
REPRESENTATION_CONTEXT('','3D')
);
#1645=(
LENGTH_UNIT()
NAMED_UNIT(*)
SI_UNIT(.MILLI.,.METRE.)
);
#1646=(
LENGTH_UNIT()
NAMED_UNIT(*)
SI_UNIT($,.METRE.)
);
#1647=(
NAMED_UNIT(*)
PLANE_ANGLE_UNIT()
SI_UNIT($,.RADIAN.)
);
#1648=(
NAMED_UNIT(*)
SI_UNIT($,.STERADIAN.)
SOLID_ANGLE_UNIT()
);
#1649=SHAPE_DEFINITION_REPRESENTATION(#1650,#1651);
#1650=PRODUCT_DEFINITION_SHAPE('',$,#1653);
#1651=SHAPE_REPRESENTATION('',(#727),#1643);
#1652=PRODUCT_DEFINITION_CONTEXT('part definition',#1657,'design');
#1653=PRODUCT_DEFINITION('ROBOT','ROBOT v52',#1654,#1652);
#1654=PRODUCT_DEFINITION_FORMATION('',$,#1659);
#1655=PRODUCT_RELATED_PRODUCT_CATEGORY('ROBOT v52','ROBOT v52',(#1659));
#1656=APPLICATION_PROTOCOL_DEFINITION('international standard',
'automotive_design',2009,#1657);
#1657=APPLICATION_CONTEXT(
'Core Data for Automotive Mechanical Design Process');
#1658=PRODUCT_CONTEXT('part definition',#1657,'mechanical');
#1659=PRODUCT('ROBOT','ROBOT v52',$,(#1658));
#1660=PRESENTATION_STYLE_ASSIGNMENT((#1661));
#1661=SURFACE_STYLE_USAGE(.BOTH.,#1662);
#1662=SURFACE_SIDE_STYLE('',(#1663));
#1663=SURFACE_STYLE_FILL_AREA(#1664);
#1664=FILL_AREA_STYLE('Acier - Satin\X\E9',(#1665));
#1665=FILL_AREA_STYLE_COLOUR('Acier - Satin\X\E9',#1666);
#1666=COLOUR_RGB('Acier - Satin\X\E9',0.627450980392157,0.627450980392157,
0.627450980392157);
ENDSEC;
END-ISO-10303-21;
